# This file uses centimeters as units for non-parametric coordinates.

v -3.363243 1.491425 -0.483200
v -3.254074 1.288864 -0.448482
v -3.564724 1.475881 -0.676325
v -3.869641 1.501995 -0.618652
v -3.696464 2.669898 -1.091127
v -2.831021 5.277159 -1.419896
v -2.474687 5.935198 -1.286819
v -2.819038 5.271802 -0.908735
v -3.685587 6.078537 -1.130981
v -3.337619 6.063478 -1.495871
v -3.742430 5.423780 -1.230785
v -3.766640 4.951914 -1.368150
v -3.729593 4.870463 -1.074882
v -3.810092 5.438422 -0.745764
v -3.387912 4.807558 -0.801507
v -3.738033 4.388411 -1.217831
v -3.860418 6.065772 -0.453462
v -3.968849 6.540964 -0.239530
v -3.716265 6.523359 -1.159189
v -3.405648 5.360424 -0.367574
v -3.451878 5.898978 0.089124
v -2.836913 5.874142 -0.075885
v -2.559349 6.346002 0.551543
v -2.991405 5.276562 -0.626423
v -2.541689 5.884022 -0.583147
v -3.024586 4.795194 -0.933872
v 3.706453 0.124313 0.130302
v 3.334538 0.147591 0.692369
v 3.499112 0.226470 0.050697
v 3.786043 0.186724 -0.300142
v 3.624562 0.136886 0.697940
v 3.931100 0.085581 0.710085
v 4.389155 0.227204 -0.046972
v 4.118527 0.101010 0.142957
v 4.092129 0.211666 -0.300819
v 4.107410 0.380565 -0.451571
v 4.124036 0.680723 -0.556252
v 4.335553 0.721325 -0.220690
v 3.694735 0.366642 -0.492803
v 3.499112 0.226470 0.050697
v 3.411328 0.406297 -0.057060
v 3.637132 0.636638 -0.585321
v 3.355471 0.660871 -0.163397
v 3.189421 0.223926 0.515777
v 3.245803 0.466348 0.187199
v 3.363248 1.491419 -0.483200
v 3.253652 2.662196 -0.992866
v 3.564730 1.475875 -0.676325
v 3.432949 2.639970 -1.209906
v 3.696468 2.669893 -1.091129
v 3.528655 5.392738 -1.539093
v 3.337619 6.063477 -1.495870
v 3.742430 5.423778 -1.230785
v 3.810092 5.438421 -0.745764
v 3.729593 4.870462 -1.074882
v 3.685587 6.078536 -1.130981
v 3.080696 0.756999 -0.380162
v 3.099440 0.718451 -0.180524
v 2.986388 0.511667 -0.376415
v -0.000429 22.156772 24.010812
v -0.000427 22.278556 23.860967
v 0.421165 22.140536 23.910251
v 0.375860 22.191183 23.795755
v 0.890481 22.054748 23.558624
v -0.000420 22.550336 23.272403
v 0.780219 22.100578 23.468269
v 1.061987 22.038862 23.165095
v 0.474703 22.380638 23.176217
v -0.000402 22.688174 21.951887
v 0.949678 22.066158 23.076127
v 1.053242 22.167808 21.893717
v 0.377602 22.566247 21.926063
v 0.953695 22.162856 21.880378
v 1.108954 22.293186 20.818762
v -0.000392 23.097673 20.986986
v 0.909378 22.312860 20.914298
v 1.313636 22.352540 19.835027
v 0.471233 22.802444 20.963080
v 1.165028 22.386283 19.774707
v 0.589714 23.019861 19.599278
v -0.000372 23.348849 19.495349
v 1.333510 22.428514 19.122906
v 0.447514 22.886814 18.539016
v -0.000355 22.887540 18.533236
v 0.930357 22.666112 18.648095
v -0.000347 22.872259 18.004276
v 0.607160 22.752210 18.402283
v 0.704461 22.670986 18.228842
v 1.135031 22.325167 18.722922
v 0.888820 22.304273 18.750687
v 0.946866 22.416782 19.429414
v 1.107591 22.458321 19.559702
v 1.396573 22.432455 18.880436
v 0.423538 22.353138 18.952185
v 0.679738 22.319859 19.332416
v 0.350108 22.539784 19.493605
v 0.620472 22.052920 20.647801
v 0.846932 22.127290 20.762956
v 0.956790 22.170523 20.800547
v 0.327701 22.126086 20.775266
v -0.000357 22.487880 19.517931
v 0.692046 21.920446 21.167746
v 0.803673 21.834391 22.092541
v 0.881578 21.857324 22.102331
v -0.000362 22.171152 20.758307
v 0.441449 21.726483 21.474487
v -0.000359 21.610530 21.541913
v -0.000365 21.499003 22.106372
v 0.427829 21.634518 22.090356
v -0.000378 21.383670 23.363712
v 0.780249 21.661513 23.324002
v 0.822638 21.668857 23.338497
v 0.409150 21.496163 23.363103
v -0.000382 21.445145 23.666754
v 0.682598 21.614401 23.504801
v 0.718091 21.606934 23.560688
v 0.466345 21.548045 23.679140
v -0.000383 21.460693 23.744011
v 0.457137 21.541700 23.605639
v -0.422017 22.140530 23.910239
v -0.376710 22.191177 23.795745
v -0.891322 22.054735 23.558599
v -0.475538 22.380631 23.176204
v -0.781058 22.100566 23.468247
v -1.062816 22.038847 23.165064
v -0.950506 22.066143 23.076101
v -1.054036 22.167793 21.893688
v -0.378366 22.566241 21.926053
v -0.954489 22.162841 21.880351
v -1.109716 22.293095 20.818739
v -0.910146 22.312781 20.914283
v -1.314379 22.350496 19.835322
v -0.472011 22.802426 20.963070
v -1.158199 22.383520 19.775152
v -0.590456 23.018883 19.599658
v -1.331910 22.416270 19.124833
v -1.552624 22.451177 19.211522
v -0.448223 22.885722 18.539479
v -0.931066 22.658102 18.650389
v -0.607863 22.746703 18.404263
v -0.992773 22.579078 18.392976
v -0.705158 22.665133 18.230543
v -0.651163 22.553580 18.180156
v -0.410747 22.454695 18.264787
v -0.000348 22.501458 18.271410
v -1.135727 22.320563 18.722151
v -1.397274 22.410065 18.877155
v -0.947571 22.430098 19.432884
v -1.108301 22.465782 19.561517
v -0.680439 22.309211 19.329156
v -0.889516 22.279915 18.746358
v -0.350820 22.514668 19.488861
v -0.424244 22.328575 18.950333
v -0.621191 22.051065 20.647138
v -0.847656 22.127220 20.762923
v -0.957516 22.170500 20.800529
v -0.328425 22.126038 20.775247
v -0.692768 21.920426 21.167731
v -0.804413 21.834370 22.092524
v -0.882318 21.857302 22.102314
v -0.442170 21.726473 21.474478
v -0.428563 21.634507 22.090349
v -0.409909 21.496153 23.363096
v -0.781011 21.661493 23.323987
v -0.823401 21.668836 23.338480
v -0.457902 21.541688 23.605630
v -0.683363 21.614383 23.504788
v -0.718856 21.606916 23.560674
v -0.467111 21.548033 23.679130
v 3.716265 6.523358 -1.159188
v 3.860419 6.065771 -0.453461
v 3.968850 6.540962 -0.239529
v 3.451879 5.898977 0.089125
v 3.523381 6.483754 0.719289
v 2.559352 6.346001 0.551545
v 3.405649 5.360423 -0.367573
v 2.836914 5.874141 -0.075884
v 2.991406 5.276560 -0.626422
v 2.541690 5.884020 -0.583146
v 2.819039 5.271800 -0.908734
v 3.387912 4.807556 -0.801507
v 3.024587 4.795193 -0.933872
v 2.862519 4.834905 -1.240802
v 3.412706 4.410087 -0.950402
v 3.738033 4.388409 -1.217831
v -0.000383 21.414612 23.730277
v 0.448444 21.494949 23.694849
v -0.000379 21.299452 23.565747
v 0.746423 21.559876 23.566332
v 0.448439 21.394126 23.544106
v 0.498472 21.373378 23.157766
v -0.000372 21.246645 23.177220
v 0.641096 21.451704 23.454185
v 0.874730 21.610354 23.319770
v 0.803884 21.500078 23.206006
v 0.944967 21.819751 22.090849
v 0.849573 21.687382 22.035311
v 1.028643 22.126222 20.786682
v 0.511738 21.460073 22.056225
v -0.000360 21.305151 22.008714
v 0.882712 21.907097 20.748924
v 1.210852 22.377597 19.577318
v 0.555929 21.577397 20.710590
v -0.000350 21.342404 20.713978
v -0.000338 21.313059 19.451034
v 1.144463 22.156519 19.448970
v 1.595223 22.339509 18.885355
v 0.823383 21.743111 19.341373
v -0.000333 21.287604 18.949971
v 1.585098 22.233947 18.810040
v 1.084790 21.848968 18.709715
v 1.106351 21.735664 18.384209
v -0.000323 21.153441 18.073495
v 1.924893 22.095378 17.958544
v -0.000317 21.015409 17.441000
v 1.031213 21.394166 17.920364
v 2.212317 21.822259 17.393444
v 2.922600 22.779210 16.563548
v 2.909254 22.353394 15.794346
v 2.833184 23.725080 16.269247
v 1.926248 22.582100 18.550906
v 2.041173 22.877268 18.471183
v 1.658901 22.608550 19.281188
v 1.739653 22.488418 18.507223
v 1.551903 22.448027 19.212086
v 2.321555 22.784171 17.943391
v 2.145945 23.158839 18.359560
v 1.402891 22.470585 19.870298
v 1.070274 22.257636 21.122518
v 1.626835 23.088884 18.977976
v 1.467592 23.405555 19.419706
v 1.092089 22.331312 21.140844
v 1.293937 23.217849 20.065534
v 0.947894 22.838832 21.228129
v 1.092892 22.247991 21.917747
v 0.900134 22.658822 21.996877
v 1.099756 22.122638 23.203361
v 0.899396 22.512023 23.113593
v 0.929839 22.120622 23.588873
v 0.877624 22.426908 23.476115
v 0.410531 22.216396 23.957188
v -0.000430 22.227009 24.035642
v 0.419075 22.526233 23.782630
v -0.000429 22.569622 23.886691
v -0.000421 22.808480 23.211314
v 0.391684 22.735220 23.129503
v -0.000408 23.115349 22.102320
v 0.419942 23.026153 22.027841
v -0.000402 23.375054 21.372175
v 0.446220 23.241322 21.321164
v -0.000388 24.004130 20.323965
v 0.576160 23.800437 20.310631
v 0.542347 24.183311 19.995713
v -0.000390 24.278456 20.287210
v 1.160395 23.872679 19.607317
v 0.436518 24.476580 19.993146
v -0.000389 24.539052 20.080386
v -0.000386 25.128418 19.557713
v 0.928351 24.484402 19.434063
v 1.569698 23.615624 19.298947
v 1.351702 24.134514 19.436382
v 1.795756 23.476867 18.828027
v 1.022762 24.848428 19.273376
v 2.592727 23.061579 17.613372
v 2.342603 23.772775 18.153718
v 1.814816 24.943177 18.627244
v 0.551770 25.001624 19.502045
v -0.000383 25.732803 19.033411
v 0.930787 25.498992 18.902116
v -0.000376 26.498491 18.060505
v 1.146230 26.314807 18.031950
v -0.000365 26.778099 17.221169
v 1.825400 25.666410 17.820695
v 1.211523 26.575294 17.185944
v 1.130948 26.602215 16.293281
v -0.000349 26.834968 16.214232
v 1.967713 25.879708 17.194200
v 1.045925 26.435885 15.215075
v -0.000329 26.619536 15.119344
v 2.177556 25.626111 16.532283
v 2.093758 25.441128 15.238212
v 0.883756 25.708172 14.002807
v -0.000306 26.010466 13.930979
v 2.787059 23.458859 15.434961
v 2.253185 24.397148 15.337951
v 2.306589 24.576105 16.252378
v 2.722749 23.837288 17.069976
v 2.083848 24.376947 17.099710
v 2.063730 24.857222 16.811556
v 1.935462 24.397320 17.717254
v 2.101642 24.858204 17.498262
v 1.902187 25.278121 17.158704
v 1.798548 24.685055 18.011819
v 1.782135 25.198466 17.760500
v -0.449209 21.494938 23.694840
v -0.747188 21.559857 23.566318
v -0.449199 21.394116 23.544097
v -0.499219 21.373366 23.157758
v -0.641855 21.451688 23.454173
v -0.875491 21.610332 23.319753
v -0.804636 21.500057 23.205990
v -0.945706 21.819727 22.090830
v -0.850307 21.687362 22.035295
v -1.029367 22.126234 20.786673
v -0.512465 21.460059 22.056215
v -0.883429 21.907106 20.748918
v -1.211560 22.383942 19.579053
v -0.556635 21.577384 20.710579
v -1.145162 22.165620 19.452304
v -1.595921 22.364140 18.890238
v -0.824069 21.743403 19.341531
v -1.585788 22.260338 18.818539
v -1.085466 21.854520 18.713082
v -1.107028 21.747413 18.393256
v -1.031872 21.399488 17.927939
v -1.925622 22.113694 17.965561
v -1.014602 21.128404 17.414178
v -2.213168 21.830226 17.402691
v -1.926952 22.576596 18.551832
v -1.740354 22.483592 18.507773
v -1.659627 22.611609 19.280417
v -2.146654 23.169631 18.352325
v -2.041880 22.885525 18.467751
v -1.627560 23.090823 18.976973
v -1.403637 22.468390 19.870698
v -1.071056 22.257565 21.122496
v -1.468334 23.404750 19.420128
v -1.092865 22.331296 21.140812
v -1.294701 23.216607 20.066048
v -0.948681 22.838819 21.228102
v -1.093689 22.247976 21.917716
v -0.900940 22.658809 21.996850
v -1.100588 22.122622 23.203328
v -0.900231 22.512010 23.113567
v -0.930682 22.120608 23.588847
v -0.878468 22.426896 23.476090
v -0.411386 22.216389 23.957177
v -0.419929 22.526227 23.782618
v -0.392523 22.735214 23.129492
v -0.420755 23.026146 22.027829
v -0.447021 23.241316 21.321152
v -0.576934 23.800428 20.310615
v -0.543118 24.183302 19.995698
v -1.161150 23.872663 19.607283
v -0.437293 24.476573 19.993134
v -0.929110 24.484387 19.434038
v -1.570440 23.615579 19.298917
v -1.352455 24.134481 19.436355
v -1.796482 23.482032 18.824095
v -1.023521 24.848413 19.273348
v -2.723434 23.838775 17.036080
v -2.593426 23.087817 17.590149
v -2.343320 23.772077 18.154541
v -1.815562 24.943149 18.627197
v -0.552538 25.001615 19.502030
v -0.931545 25.498977 18.902089
v -1.146978 26.314792 18.031918
v -1.873671 25.666383 17.820641
v -1.212248 26.575276 17.185909
v -1.131645 26.602200 16.293250
v -1.968430 25.879678 17.194143
v -1.046584 26.435870 15.215045
v -2.178248 25.626078 16.532220
v -2.094321 25.440979 15.237908
v -0.884280 25.707510 14.002188
v -1.626259 24.992280 14.124572
v -0.013551 10.654005 -10.513547
v -1.378969 12.162767 -9.093617
v -0.000712 12.310867 -9.290198
v -2.307263 24.573046 16.245954
v -1.936171 24.397284 17.717224
v -2.084538 24.376917 17.099681
v -2.102350 24.858172 17.498201
v -2.064419 24.857190 16.811496
v -1.902892 25.278091 17.158648
v -1.799269 24.685028 18.011768
v -1.782856 25.198442 17.760450
v 12.974913 15.091832 -13.609198
v 12.944542 15.764202 -8.265802
v 6.822956 13.965294 -11.991366
v 20.046990 17.751573 -2.870488
v 20.060684 16.907318 -12.737198
v 26.827976 19.213310 -4.085908
v 7.852383 15.032153 -5.919119
v 12.940669 15.783052 -8.259296
v 6.822956 13.965294 -11.991366
v 20.060684 16.907318 -12.737198
v 28.238541 19.108199 -9.598253
v 26.833010 19.239590 -4.080908
v -1.981869 13.240966 -9.376097
v -7.841613 15.019736 -5.923097
v -6.819900 13.961352 -11.991562
v -12.943031 15.755071 -8.266094
v -12.972759 15.082748 -13.609506
v -26.513025 19.239083 -0.800722
v -34.558892 20.180604 -3.188830
v -26.830533 19.197980 -4.085355
v -28.224555 19.154276 -9.598817
v -26.833484 19.213293 -4.082441
v -20.301197 17.759311 -3.541449
v -20.060076 16.892311 -12.737589
v 4.665479 7.667223 -13.441159
v 2.629280 10.691214 -9.189391
v 6.144643 8.136930 -10.916740
v 3.477041 11.094804 -7.839689
v 5.467029 10.264346 -7.815218
v -0.880774 0.578816 4.521624
v -0.760245 0.574376 4.287923
v -0.734418 0.555845 4.508986
v -0.953529 0.525755 4.045998
v -1.180014 0.490754 4.221189
v -1.186924 0.195201 3.926204
v -1.381414 0.258401 4.072884
v -1.043578 0.257908 3.799376
v -1.726258 0.175107 3.762817
v -1.543551 0.268656 2.955335
v -1.808936 0.145044 3.078853
v -2.258754 0.264793 1.834842
v -2.230958 0.274051 3.218990
v -2.164506 0.358965 3.667156
v -2.481146 0.147483 1.975602
v -3.273774 0.379559 3.925993
v -3.189417 0.223925 0.515781
v -3.334535 0.147590 0.692373
v -3.499109 0.226468 0.050702
v -2.792821 0.260779 2.143958
v -3.578191 0.217101 3.306630
v -3.654695 0.237831 4.384568
v -3.706450 0.124312 0.130308
v -3.786040 0.186722 -0.300136
v -3.566604 0.254067 2.109814
v -3.938664 0.134970 3.276161
v -3.936400 0.173587 2.080535
v -4.063679 0.091009 4.378090
v -3.744501 0.224266 4.640971
v -3.981866 0.142667 4.829618
v -3.793861 0.411263 4.827939
v -4.486199 0.202448 4.271962
v -4.331712 0.262965 3.252245
v -4.278448 0.120255 4.774619
v -4.045716 0.372203 4.952005
v -3.813085 0.573020 4.988136
v -4.343533 0.263082 4.770954
v -3.913506 0.459558 5.299391
v -4.260876 0.388374 4.943820
v -4.028612 0.361374 5.347080
v -4.203805 0.436495 5.183700
v -4.696650 0.355782 4.065031
v -5.543522 0.248111 2.923332
v -5.807476 0.329149 3.611865
v -4.307762 0.272240 2.054973
v -6.067818 0.208302 3.636461
v -6.240140 0.182293 3.800493
v -4.855095 0.226076 1.825965
v -5.841212 0.180122 2.655810
v -6.467474 0.119456 3.604234
v -6.597398 0.178742 3.807458
v -6.529349 0.453339 4.001641
v -4.118523 0.101009 0.142963
v -6.042079 0.240321 2.534931
v -5.378837 0.265246 1.559307
v -4.092126 0.211664 -0.300813
v -4.107407 0.380563 -0.451565
v -4.414720 0.488455 -0.172658
v -4.335550 0.721325 -0.220684
v -3.694732 0.366641 -0.492798
v -4.124034 0.680722 -0.556247
v -3.411325 0.406295 -0.057055
v -3.499109 0.226468 0.050702
v -3.245800 0.466347 0.187204
v -3.355468 0.660870 -0.163393
v -3.637129 0.636639 -0.585317
v -3.316920 0.870042 -0.393776
v -3.998095 1.083050 -0.569591
v -3.538003 1.019544 -0.557138
v -3.192594 1.105264 -0.459249
v -3.211861 2.689811 -0.785403
v -3.253647 2.662201 -0.992865
v -2.975679 3.734465 -1.270783
v -3.432944 2.639975 -1.209904
v -3.053410 3.691315 -1.620616
v -2.804479 4.305319 -1.432432
v -3.371884 3.685551 -1.832211
v -3.206742 4.252340 -2.076056
v -3.757212 2.707199 -0.851085
v -2.878265 4.261138 -1.799712
v -2.869760 4.851919 -1.618742
v -3.198493 4.817624 -1.930951
v -2.862518 4.834906 -1.240803
v -3.528655 5.392740 -1.539093
v -3.613495 4.885688 -1.739019
v -3.853954 4.380964 -1.565103
v -3.679262 4.304630 -2.003982
v -3.685691 3.734665 -1.649268
v -3.781754 3.780822 -1.370938
v -3.523380 6.483755 0.719288
v -2.033722 6.307709 -0.421417
v -2.862518 4.834906 -1.240803
v -3.412706 4.410089 -0.950402
v -2.930028 4.368573 -1.056345
v -2.804479 4.305319 -1.432432
v -3.108872 3.793266 -0.921997
v -3.485628 3.831688 -0.849126
v -3.276053 2.724655 -0.563723
v -3.284341 1.536968 -0.312529
v -3.517791 2.748985 -0.476578
v -3.741040 3.817742 -1.085422
v -3.957145 1.547543 -0.333807
v -3.735321 2.739600 -0.616943
v -3.914993 1.584888 -0.053063
v -3.669733 1.592249 0.080292
v -3.367501 1.563607 -0.021644
v -2.258754 0.264793 1.834842
v -2.307549 0.579633 1.857855
v -1.543551 0.268656 2.955335
v -1.523295 0.628111 2.976272
v -1.043578 0.257908 3.799376
v -0.926460 0.761663 3.731549
v -0.953529 0.525755 4.045998
v -2.452341 0.673609 2.021840
v -1.788279 0.743492 3.094856
v -0.871380 0.726304 3.982953
v -0.760245 0.574376 4.287923
v -1.112876 0.941264 3.843415
v -0.762410 0.660595 4.354286
v -1.056820 0.878111 4.046191
v -0.908472 0.649618 4.466098
v -0.880774 0.578816 4.521624
v -1.180014 0.490754 4.221189
v -1.429251 0.815434 4.032370
v -1.257953 0.805944 4.182404
v -1.251389 0.649773 4.269391
v -1.501891 0.459286 4.034336
v -1.381414 0.258401 4.072884
v -1.726258 0.175107 3.762817
v -2.164506 0.358965 3.667156
v -2.195109 0.462865 3.653737
v -3.273774 0.379559 3.925994
v -2.091117 0.556931 3.139091
v -3.250591 0.468513 3.872687
v -3.647244 0.615489 4.317031
v -3.654695 0.237831 4.384568
v -3.624700 0.543203 3.509399
v -2.710707 0.537235 2.097617
v -3.511897 0.551020 2.227798
v -3.964214 0.723161 3.434320
v -3.910358 0.752639 2.072922
v -4.286541 0.550363 1.988804
v -4.878538 0.539707 1.866253
v -4.426359 0.499884 3.307295
v -6.108493 0.550421 2.560187
v -5.420138 0.549151 1.575734
v -5.318828 0.731352 1.760625
v -6.753158 0.654633 3.441849
v -6.000255 0.774680 2.749189
v -6.729584 0.171481 3.586502
v -6.864028 0.312294 3.729690
v -6.482970 0.932285 3.564320
v -6.825737 0.466649 3.848512
v -6.775174 0.692798 3.630188
v -6.815886 0.463314 4.274141
v -6.560879 0.847004 3.692931
v -6.943690 0.447223 4.191294
v -6.912151 0.636142 3.903138
v -6.963564 0.462278 4.095126
v -6.986164 0.503921 4.214694
v -6.883837 0.499258 4.323291
v -7.005668 0.550253 4.122669
v -6.761086 0.756087 4.034563
v -6.897565 0.624144 4.245262
v -6.883837 0.499258 4.323291
v -6.394727 0.708643 3.887527
v -6.646205 0.725419 4.153971
v -6.776403 0.538258 4.338279
v -6.815886 0.463314 4.274141
v -6.603537 0.615378 4.182951
v -6.647394 0.502860 4.183275
v -6.529349 0.453339 4.001641
v -6.143144 0.608101 3.726944
v -5.606450 0.584883 2.930514
v -5.807476 0.329149 3.611865
v -5.776591 0.474570 3.647697
v -4.696650 0.355782 4.065030
v -4.714230 0.455255 4.054121
v -4.501569 0.471051 4.238902
v -4.486199 0.202448 4.271962
v -4.376614 0.620397 4.637453
v -4.343533 0.263082 4.770954
v -4.012610 0.897292 4.403432
v -4.260876 0.388374 4.943820
v -3.743967 0.680283 4.616426
v -3.793861 0.411263 4.827939
v -3.813085 0.573020 4.988136
v -4.005041 0.846234 4.633260
v -4.297602 0.646114 4.863117
v -4.203805 0.436495 5.183700
v -3.910119 0.700945 5.032772
v -4.204101 0.623785 5.268783
v -4.028612 0.361374 5.347080
v -3.967110 0.554911 5.336112
v -3.913506 0.459558 5.299391
v -1.786239 7.356912 -15.858157
v -1.466837 10.493493 -10.095263
v -3.458825 7.227829 -14.625268
v -2.630218 10.670757 -9.191415
v -4.665453 7.651184 -13.426124
v -6.144603 8.119953 -10.907620
v -3.481686 11.083793 -7.839036
v -5.467023 10.256892 -7.808259
v 0.734424 0.555841 4.508991
v 0.760251 0.574372 4.287928
v 0.880780 0.578812 4.521629
v 0.953535 0.525751 4.046003
v 1.180020 0.490750 4.221194
v 1.186930 0.195197 3.926209
v 1.381420 0.258397 4.072889
v 1.043583 0.257904 3.799381
v 1.726264 0.175104 3.762822
v 1.543556 0.268652 2.955338
v 1.808942 0.145040 3.078855
v 2.258758 0.264789 1.834839
v 2.230964 0.274048 3.218992
v 2.164512 0.358962 3.667160
v 2.481151 0.147480 1.975598
v 3.273781 0.379556 3.925996
v 3.578197 0.217098 3.306630
v 2.792826 0.260775 2.143955
v 3.654702 0.237828 4.384572
v 3.566608 0.254063 2.109810
v 3.938670 0.134967 3.276161
v 4.063686 0.091006 4.378093
v 3.744508 0.224263 4.640974
v 3.936404 0.173583 2.080531
v 4.331718 0.262962 3.252245
v 3.981873 0.142664 4.829621
v 3.793868 0.411260 4.827942
v 4.486207 0.202445 4.271965
v 4.278455 0.120252 4.774623
v 4.045723 0.372200 4.952009
v 3.813092 0.573017 4.988139
v 4.343540 0.263079 4.770957
v 3.913514 0.459555 5.299395
v 4.260883 0.388370 4.943824
v 4.028621 0.361371 5.347084
v 4.203813 0.436491 5.183704
v 4.696657 0.355779 4.065033
v 5.543528 0.248107 2.923332
v 5.807484 0.329146 3.611866
v 4.307767 0.272236 2.054969
v 6.067825 0.208299 3.636463
v 6.240147 0.182290 3.800495
v 6.467480 0.119453 3.604236
v 4.855100 0.226072 1.825960
v 5.841219 0.180118 2.655809
v 4.506506 0.133436 0.625805
v 4.268050 0.099897 0.697920
v 5.146199 0.171050 1.642368
v 5.378842 0.265243 1.559302
v 6.042085 0.240318 2.534929
v 5.420142 0.549148 1.575731
v 6.729592 0.171478 3.586503
v 6.597406 0.178739 3.807459
v 6.529357 0.453336 4.001642
v 6.825744 0.466646 3.848514
v 6.815893 0.463311 4.274143
v 6.864036 0.312291 3.729691
v 6.753165 0.654630 3.441849
v 6.775181 0.692795 3.630188
v 6.108499 0.550418 2.560186
v 6.000261 0.774677 2.749189
v 5.318833 0.731349 1.760622
v 6.482977 0.932282 3.564321
v 5.606456 0.584879 2.930514
v 6.143151 0.608098 3.726945
v 3.211870 0.750675 0.170369
v 3.316924 0.870040 -0.393779
v 3.538008 1.019539 -0.557138
v 3.998099 1.083046 -0.569593
v 3.192599 1.105260 -0.459250
v 3.869646 1.501989 -0.618652
v 3.254079 1.288859 -0.448482
v 3.211866 2.689806 -0.785403
v 2.975680 3.734462 -1.270783
v 3.053411 3.691312 -1.620616
v 2.804480 4.305318 -1.432432
v 3.371885 3.685549 -1.832211
v 2.878265 4.261136 -1.799712
v 3.206743 4.252338 -2.076056
v 2.862519 4.834905 -1.240802
v 2.869760 4.851918 -1.618742
v 3.198493 4.817622 -1.930951
v 3.679261 4.304628 -2.003982
v 2.831022 5.277158 -1.419895
v 3.766639 4.951913 -1.368150
v 3.613494 4.885687 -1.739019
v 3.853953 4.380963 -1.565103
v 3.685692 3.734663 -1.649268
v 3.781755 3.780821 -1.370938
v 3.757216 2.707194 -0.851087
v 3.957150 1.547538 -0.333807
v 3.741041 3.817740 -1.085422
v 3.735325 2.739595 -0.616944
v 3.914998 1.584883 -0.053063
v 4.878543 0.539704 1.866248
v 4.426365 0.499881 3.307295
v 4.286545 0.550359 1.988799
v 3.910363 0.752635 2.072918
v 3.511902 0.551016 2.227795
v 3.964220 0.723157 3.434321
v 2.710712 0.537231 2.097614
v 3.624706 0.543199 3.509400
v 3.647251 0.615486 4.317034
v 3.250598 0.468510 3.872689
v 2.091123 0.556928 3.139093
v 3.273781 0.379556 3.925996
v 2.195115 0.462862 3.653741
v 3.654702 0.237828 4.384572
v 2.164512 0.358962 3.667160
v 3.743975 0.680279 4.616429
v 3.793868 0.411260 4.827942
v 3.813092 0.573017 4.988139
v 4.012617 0.897288 4.403435
v 3.910127 0.700941 5.032776
v 4.501576 0.471047 4.238905
v 4.005048 0.846230 4.633263
v 4.376621 0.620393 4.637456
v 4.297610 0.646110 4.863120
v 3.967119 0.554908 5.336116
v 3.913514 0.459555 5.299395
v 4.028621 0.361371 5.347084
v 4.204109 0.623781 5.268786
v 4.203813 0.436491 5.183704
v 4.260883 0.388370 4.943824
v 4.343540 0.263079 4.770957
v 4.486207 0.202445 4.271965
v 4.696657 0.355779 4.065033
v 4.714237 0.455252 4.054123
v 5.776598 0.474567 3.647698
v 5.807484 0.329146 3.611866
v 6.529357 0.453336 4.001642
v 6.394734 0.708640 3.887529
v 6.560887 0.847001 3.692932
v 6.603545 0.615375 4.182952
v 6.912158 0.636139 3.903139
v 6.647401 0.502857 4.183276
v 6.815893 0.463311 4.274143
v 6.776410 0.538255 4.338280
v 6.883845 0.499255 4.323293
v 6.646212 0.725416 4.153972
v 6.897572 0.624141 4.245263
v 6.986171 0.503918 4.214695
v 6.761093 0.756084 4.034564
v 7.005675 0.550250 4.122670
v 6.963571 0.462275 4.095127
v 6.943697 0.447220 4.191295
v 6.883845 0.499255 4.323293
v 2.630223 10.670702 -9.191417
v 3.458841 7.227661 -14.625271
v 4.665479 7.651030 -13.426127
v 6.144643 8.119801 -10.907623
v 3.482369 11.083731 -7.839037
v 5.467029 10.256878 -7.808260
v 3.874068 11.561348 -6.739576
v -1.466213 10.516705 -10.103603
v -1.786656 7.367203 -15.867743
v -3.458824 7.239848 -14.636426
v -2.629275 10.691269 -9.189390
v -4.665453 7.667377 -13.441156
v -6.144603 8.137082 -10.916737
v -3.476148 11.094883 -7.839689
v -5.467020 10.264360 -7.815217
v -3.865778 11.561254 -6.739577
v 3.211870 0.750675 0.170369
v 3.232710 0.775633 -0.148006
v 3.355471 0.660871 -0.163397
v 3.124767 0.954000 -0.028148
v 3.099440 0.718451 -0.180524
v 3.232710 0.775633 -0.148006
v 3.005076 0.496800 -0.128826
v 2.740464 0.348905 -0.170817
v 2.756874 0.356696 -0.314822
v 2.836354 0.628561 -0.022028
v 3.005076 0.496800 -0.128826
v 1.544540 22.514099 18.435772
v 1.776865 22.489619 18.312870
v 0.992073 22.588284 18.391034
v 1.545309 22.473156 18.313210
v 1.754282 22.401913 18.318726
v 1.480461 22.422351 18.285063
v 1.622124 22.403611 18.382673
v 0.976729 22.510892 18.348163
v 1.397936 22.388619 18.370390
v 0.939731 22.440006 18.277121
v 0.650469 22.559015 18.179066
v 0.410053 22.464377 18.263355
v -0.000350 22.370167 18.510829
v 0.923783 22.338602 18.313895
v 0.441307 22.366457 18.506141
v -0.000353 22.310123 18.910213
v -3.124763 0.954000 -0.028145
v -3.211867 0.750674 0.170373
v -3.232707 0.775632 -0.148002
v -2.966620 0.845674 -0.090172
v -3.099437 0.718450 -0.180520
v -2.968161 0.879217 -0.452390
v -3.316920 0.870042 -0.393776
v -3.232707 0.775632 -0.148002
v -3.355468 0.660870 -0.163393
v -3.080693 0.756998 -0.380158
v -2.986385 0.511666 -0.376411
v -3.099437 0.718450 -0.180520
v -3.005073 0.496798 -0.128821
v -2.756871 0.356694 -0.314818
v -1.545240 22.505790 18.436885
v -1.777566 22.477053 18.313599
v -1.546009 22.459635 18.314488
v -1.754983 22.394499 18.318741
v -0.977426 22.503935 18.349218
v -1.481160 22.412027 18.285640
v -1.622823 22.393590 18.382417
v -0.940426 22.433752 18.277721
v -1.398633 22.377728 18.370259
v -0.924475 22.322361 18.313727
v -0.442007 22.345468 18.507768
v 2.033724 6.307708 -0.421415
v 2.930029 4.368571 -1.056345
v 2.804480 4.305318 -1.432432
v 3.485629 3.831686 -0.849126
v 3.108873 3.793265 -0.921997
v 3.517796 2.748981 -0.476578
v 3.276058 2.724651 -0.563723
v 3.284347 1.536963 -0.312529
v 1.788285 0.743488 3.094859
v 2.452345 0.673605 2.021837
v 1.523300 0.628107 2.976275
v 2.307554 0.579629 1.857852
v 1.543556 0.268652 2.955338
v 1.043583 0.257904 3.799381
v 0.926466 0.761659 3.731554
v 0.953535 0.525751 4.046003
v 1.112882 0.941260 3.843420
v 0.871386 0.726300 3.982958
v 0.760251 0.574372 4.287928
v 1.429257 0.815430 4.032375
v 0.762416 0.660591 4.354291
v 1.056826 0.878107 4.046196
v 0.908478 0.649614 4.466104
v 0.880780 0.578812 4.521629
v 1.180020 0.490750 4.221194
v 1.257959 0.805940 4.182409
v 1.251395 0.649769 4.269396
v 1.501897 0.459282 4.034341
v 1.381420 0.258397 4.072889
v 1.726264 0.175104 3.762822
v 1.852822 22.333042 18.309283
v 1.914669 22.377138 18.245307
v 2.259084 22.394745 17.713380
v 1.014095 21.126889 17.412694
v 2.302221 21.615645 16.920458
v 2.528096 22.364601 17.291993
v 2.001479 22.501522 18.257935
v 2.576158 21.987595 15.079142
v -0.000290 24.996983 12.904097
v 1.196077 24.568273 13.211857
v -0.000272 23.880276 12.200924
v 1.625878 24.992996 14.125183
v 1.163940 23.232089 12.478355
v 2.068330 23.970832 14.462227
v 1.217733 22.009575 11.992577
v -0.000245 22.428864 11.645153
v 2.016935 23.175761 13.862976
v 1.827700 22.199591 13.192749
v 1.919531 20.578869 12.402455
v 1.148094 21.077807 11.729705
v 1.968229 21.263438 12.723921
v 1.833419 21.187846 14.051744
v 1.967658 19.923359 13.437173
v 1.921319 20.585227 13.709028
v 2.707148 14.013940 -7.110380
v 1.591084 13.154466 -7.620508
v 1.486785 14.979285 -5.488538
v 1.356700 12.172570 -9.093617
v 3.909778 7.506572 -1.345385
v 1.931415 7.944598 4.896981
v 1.922983 8.819066 6.844211
v -0.000015 7.839155 4.963022
v 3.043893 10.194889 7.430004
v 3.415987 9.249786 4.835468
v 2.473774 11.527061 9.251710
v 4.247046 12.481379 6.655843
v 4.448552 11.309935 4.448767
v 4.070560 14.135343 3.002367
v -0.000222 17.154339 13.868035
v 1.349122 17.433235 13.490744
v -0.000230 18.223149 14.202064
v -0.000241 19.103254 14.550152
v 1.261951 19.337945 14.314167
v -0.000258 19.784500 14.878035
v 1.208977 20.059685 14.579363
v -0.000273 20.142783 15.183929
v 1.218857 20.480211 14.851509
v 1.305568 20.781474 15.107080
v 2.193180 21.667400 14.473145
v 1.985462 21.116717 15.714110
v 2.378904 23.154365 14.667642
v -1.853524 22.360604 18.311061
v -1.915376 22.398937 18.245052
v -2.259815 22.402041 17.713536
v -2.528845 22.367896 17.292550
v -0.000284 20.409034 15.619718
v -1.306046 20.781556 15.107046
v -2.923266 22.778662 16.562809
v -2.302692 21.617241 16.926529
v -2.322260 22.790477 17.940994
v -2.833868 23.704781 16.238083
v -2.002181 22.500353 18.258011
v -1.196652 24.568218 13.211812
v -1.164271 23.232540 12.478733
v -2.068627 23.970374 14.461865
v -2.017069 23.174992 13.863005
v -1.828171 22.200574 13.192718
v -1.217885 22.013518 11.993176
v -1.148064 21.080950 11.730956
v -1.970291 21.258506 12.722364
v -1.919795 20.579416 12.402616
v -1.929589 20.558067 13.708200
v -1.833420 21.187975 14.052452
v -0.001403 16.835231 -2.824010
v -0.104337 14.963922 -5.794296
v -1.512072 14.977497 -5.488547
v -3.774102 9.606828 -7.228350
v -3.867066 11.561271 -6.739577
v -3.481688 11.083793 -7.839036
v -4.200092 7.648640 -0.185583
v -3.909779 7.506572 -1.345386
v -2.427801 7.438039 2.877411
v -1.931447 7.944562 4.896932
v -3.416536 9.249659 4.835380
v -0.000050 8.688338 7.018480
v -1.923083 8.819029 6.844161
v -3.863623 14.968115 4.799995
v -4.070960 14.135514 3.002254
v -4.248388 12.481459 6.655732
v -1.382849 18.465982 13.965106
v -1.349583 17.431921 13.493967
v -1.968672 19.920908 13.436715
v -1.218762 20.008238 14.584117
v -1.262731 19.336100 14.314075
v -1.221061 20.471500 14.852782
v -2.191215 21.667726 14.476153
v -1.983648 21.118976 15.719311
v -2.574253 21.988744 15.080273
v -2.378951 23.155622 14.667599
v -2.787424 23.460460 15.435402
v -2.909250 22.351997 15.794824
v -2.253704 24.397047 15.337685
v 3.446302 14.921263 -4.364144
v 1.994742 13.243328 -9.375958
v 7.843668 15.024620 -5.922899
v 34.556559 20.208015 -3.188159
v 1.737452 16.813418 -2.896260
v 2.598362 15.942737 -3.955185
v 3.630805 17.619392 -0.664388
v 9.392386 17.677754 -0.088574
v 8.771448 16.326991 -3.401295
v 1.994742 13.243328 -9.375958
v 11.636228 16.359910 -5.218698
v 11.096724 17.476487 -0.936383
v 20.029898 17.780864 -2.856899
v 13.044891 17.832385 -0.987193
v 13.737972 16.951722 -4.662263
v 12.718715 17.794904 1.382577
v 11.154924 17.663564 1.441752
v 18.843885 18.138136 1.408490
v 11.214882 17.064036 2.025628
v 12.758726 17.304750 1.840962
v 18.867049 17.485581 1.997883
v 18.645528 16.918871 1.043019
v 13.291553 16.336849 0.617020
v 22.569205 17.858823 0.821178
v 26.511407 19.259676 -0.800238
v 22.771911 18.549590 1.553783
v 26.913258 19.397487 -0.130096
v 26.749313 19.580323 -0.272842
v 22.561203 18.990667 1.035144
v -20.060076 16.892311 -12.737589
v -11.852190 15.582885 -5.778861
v -20.303491 17.737938 -3.546080
v -28.256136 19.017318 -9.598818
v -26.915008 19.376545 -0.130587
v -22.569665 17.841502 0.820745
v -26.751214 19.559520 -0.273327
v -22.772972 18.532079 1.553349
v -22.562626 18.973351 1.034726
v -12.939173 15.773922 -8.259589
v -18.844579 18.123893 1.408111
v -13.045223 17.823094 -0.987452
v -6.819900 13.961352 -11.991562
v -7.850335 15.027261 -5.919317
v -13.737521 16.941869 -4.662554
v -3.428518 14.957739 -4.363224
v -1.981869 13.240966 -9.376097
v -8.770536 16.321288 -3.401491
v -11.635285 16.351825 -5.218955
v -11.096414 17.469953 -0.936608
v -2.697923 14.013523 -7.110406
v -2.604997 15.946779 -3.955240
v -3.627343 17.632203 -0.664472
v -9.387831 17.685077 -0.088763
v -11.214305 17.057538 2.025388
v -11.154681 17.657286 1.441527
v -12.719078 17.785858 1.382325
v -12.758709 17.295653 1.840702
v -18.867214 17.471308 1.997492
v 3.458841 7.239680 -14.636429
v 1.786660 7.366861 -15.867744
v 1.466445 10.510951 -10.103603
v -3.624558 0.136885 0.697944
v -3.931096 0.085581 0.710090
v -4.268046 0.099898 0.697925
v -3.189417 0.223925 0.515781
v -3.156789 1.357370 -0.294941
v -3.284341 1.536968 -0.312529
v -3.080780 5.317792 -1.651153
v -1.950861 6.390354 -1.450850
v -2.749002 6.366466 -1.855567
v -2.900878 5.986484 -1.598032
v -3.363913 6.441075 -1.596484
v -4.210813 1.167959 -0.171782
v -3.083339 0.698329 0.539252
v -3.245800 0.466347 0.187204
v -3.424725 0.709776 1.161569
v -3.034032 0.745125 1.046685
v 2.907671 0.242322 0.921940
v 3.189421 0.223926 0.515777
v 4.782606 0.266611 0.558177
v 4.785123 0.571121 0.547194
v 4.414723 0.488456 -0.172664
v 4.545080 0.735153 0.325048
v 3.156794 1.357365 -0.294941
v 3.284347 1.536963 -0.312529
v 3.080780 5.317790 -1.651153
v 2.474688 5.935197 -1.286818
v 1.950862 6.390353 -1.450849
v 2.749001 6.366465 -1.855566
v 2.900878 5.986483 -1.598031
v 3.363913 6.441074 -1.596483
v 4.210817 1.167956 -0.171785
v 4.088080 1.259041 0.237318
v 3.669739 1.592244 0.080292
v 3.424729 0.709774 1.161565
v 3.034036 0.745123 1.046681
v -0.013551 10.654000 -10.513547
v -0.000030 7.412466 -16.303773
v 1.786244 7.356536 -15.858158
v 1.467042 10.488381 -10.095264
v -0.000003 7.444495 -16.333818
v 3.061531 1.244878 -0.361323
v 3.059018 1.123764 -0.137605
v 2.968164 0.879216 -0.452393
v 2.843033 0.999208 -0.368628
v 3.355471 0.660871 -0.163397
v 3.316924 0.870040 -0.393779
v 2.816889 0.644223 -0.448908
v 2.637607 0.244147 -0.208165
v 2.679441 0.472042 -0.393573
v 2.601725 0.550775 -0.288006
v 2.638763 0.210807 -0.295021
v 2.542776 0.166514 -0.247212
v 2.593081 0.265611 -0.357268
v 2.524582 0.301917 -0.176115
v 2.604148 0.259243 -0.161231
v 2.740464 0.348905 -0.170817
v 2.663644 0.430835 -0.086919
v 2.579080 0.549835 -0.138197
v -3.201769 1.261490 -0.024010
v -3.059014 1.123767 -0.137603
v -3.061526 1.244882 -0.361323
v -2.843030 0.999210 -0.368625
v -2.678075 0.752598 -0.337180
v -2.816886 0.644222 -0.448904
v -2.740461 0.348903 -0.170813
v -2.601722 0.550774 -0.288002
v -2.638760 0.210805 -0.295017
v -2.637604 0.244145 -0.208161
v -2.679438 0.472041 -0.393569
v -2.593078 0.265610 -0.357264
v 3.367507 1.563603 -0.021644
v 3.439922 1.249712 0.399020
v 3.201774 1.261487 -0.024011
v 3.083343 0.698330 0.539248
v 3.245803 0.466348 0.187199
v 2.919325 0.509900 0.878942
v 1.008791 20.964444 16.805190
v 1.040635 20.738897 16.242881
v 2.186615 21.388669 16.329667
v 2.019976 19.075300 13.049380
v 1.867858 19.754413 12.083695
v 3.482369 11.083731 -7.839037
v 3.774100 9.606821 -7.228349
v 2.630223 10.670702 -9.191417
v 2.623383 8.249283 -8.240344
v 1.467042 10.488381 -10.095264
v 1.456312 8.125037 -8.887146
v 0.000003 7.497735 -6.605136
v 0.000001 8.051534 -9.197481
v 1.495755 6.583492 -2.889933
v 0.000017 6.762666 -0.400216
v 0.000021 6.956924 0.404799
v 2.712360 7.093111 -3.123791
v 3.704797 8.334017 -3.405123
v 3.515799 7.325985 -2.246620
v 2.599238 6.878056 1.523895
v 0.000025 7.132263 1.477394
v 4.163022 8.578125 -1.935233
v 4.503654 8.703808 -0.243216
v 4.200092 7.648639 -0.185582
v 3.890700 7.398031 1.413362
v 4.013611 13.375606 1.112282
v 3.888706 8.892993 2.672008
v 0.000017 7.285348 2.719783
v -0.000076 9.493134 8.379374
v 3.863363 14.968011 4.800102
v 3.793237 13.565406 8.235312
v 2.002915 18.200566 12.588046
v 1.382332 18.466848 13.963675
v -1.009040 20.966932 16.802143
v -0.000309 20.865814 16.844462
v -2.186142 21.389559 16.333763
v -1.868330 19.754270 12.083600
v -1.607134 13.151188 -7.620510
v -0.054144 13.521107 -7.942372
v -2.623378 8.249289 -8.240344
v -2.630216 10.670773 -9.191415
v -1.456309 8.125041 -8.887145
v -1.466805 10.494255 -10.095263
v -1.225632 7.549693 -6.659779
v -2.896138 7.884166 -4.298324
v -1.708630 7.360402 -4.569232
v -2.712361 7.093110 -3.123792
v 0.000011 6.576919 -1.710272
v -1.495755 6.583492 -2.889934
v -3.515801 7.325985 -2.246621
v -3.704808 8.334008 -3.405130
v -2.599222 6.878049 1.523882
v -4.163017 8.578119 -1.935242
v -4.503648 8.703799 -0.243229
v -3.890690 7.398023 1.413350
v -4.738835 10.668444 1.829104
v -3.888701 8.892947 2.671945
v -4.449861 11.309989 4.448655
v -4.014020 13.375843 1.112172
v -3.044239 10.194799 7.429924
v -2.020737 19.074257 13.049461
v -2.003576 18.198898 12.590109
v 4.279434 14.587557 -0.208205
v 7.900044 14.854580 -2.525491
v 4.113995 15.389837 2.392450
v 11.853801 15.591030 -5.778588
v 13.927063 16.195780 -4.771543
v 11.201968 16.005850 0.675391
v 9.205020 16.025084 1.503337
v 4.724438 16.511059 3.845905
v 3.948205 15.927687 4.072911
v 3.800989 16.881377 5.208810
v 3.663292 16.097176 6.468149
v 3.984442 17.775933 5.078296
v 2.615475 18.376692 6.014578
v 5.241124 17.576031 4.359154
v 3.715075 18.707654 4.329568
v 2.471218 18.916966 4.624894
v 5.026996 18.340802 4.098960
v 9.764590 16.994339 2.287726
v 9.645507 17.639072 2.073782
v 3.964389 18.982892 3.033930
v 3.429778 14.958037 -4.363159
v 20.653081 17.334132 1.110905
v 20.891601 18.033424 2.022191
v 21.067092 18.606533 1.522991
v -2.699488 14.013655 -7.110406
v -3.445042 14.920972 -4.364208
v -7.898108 14.849737 -2.525695
v -4.278484 14.587213 -0.208324
v -4.113171 15.389292 2.392332
v -13.925986 16.185766 -4.771848
v -18.645190 16.904831 1.042645
v -13.290727 16.327304 0.616736
v -11.200457 16.000675 0.675142
v -20.653109 17.318392 1.110485
v -20.892279 18.017438 2.021741
v -21.068223 18.590422 1.522560
v -3.953000 18.996321 3.033843
v -9.639134 17.651598 2.073583
v -2.610423 18.380785 6.014519
v -2.454379 18.925859 4.624839
v -3.980273 17.788231 5.078204
v -3.663526 16.097249 6.468049
v -3.801953 16.885245 5.208710
v -4.725267 16.518746 3.845782
v -5.234957 17.594054 4.359037
v -3.951789 15.933003 4.072800
v -9.202826 16.029227 1.503122
v -9.761583 16.998374 2.287514
v 3.874068 11.561348 -6.739576
v -2.907668 0.242323 0.921943
v -4.506503 0.133437 0.625810
v -5.146195 0.171054 1.642373
v -4.389152 0.227203 -0.046966
v -4.782603 0.266611 0.558182
v -4.785120 0.571121 0.547199
v -4.545077 0.735152 0.325054
v -3.211867 0.750674 0.170373
v -3.201769 1.261490 -0.024010
v -4.088075 1.259043 0.237321
v -3.439916 1.249714 0.399022
v -3.151033 1.046281 0.159821
v -3.742522 1.300336 0.439718
v -4.204965 0.928388 0.635614
v -3.243496 0.869958 0.706377
v -2.919321 0.509901 0.878945
v -3.835566 1.009662 0.910428
v -4.324687 0.676310 0.969087
v -4.690013 0.816702 0.750599
v -3.865781 11.561254 -6.739577
v 4.690017 0.816700 0.750594
v 4.204969 0.928387 0.635609
v 3.742527 1.300334 0.439716
v 4.324690 0.676309 0.969082
v 3.835570 1.009662 0.910424
v 3.243501 0.869958 0.706374
v 3.151038 1.046281 0.159818
v 3.201774 1.261487 -0.024011
v 2.966623 0.845675 -0.090176
v 2.858790 0.964669 -0.178807
v 2.682040 0.749275 -0.122309
v 2.678077 0.752599 -0.337184
v 2.520168 0.303325 -0.275847
v -3.355468 0.660870 -0.163393
v -3.151033 1.046281 0.159821
v -2.858787 0.964670 -0.178804
v -2.682037 0.749275 -0.122305
v -2.542773 0.166512 -0.247208
v -2.520165 0.303324 -0.275843
v -2.524579 0.301915 -0.176111
v -2.604145 0.259241 -0.161227
v -2.740461 0.348903 -0.170813
v -2.579077 0.549835 -0.138193
v -2.663641 0.430833 -0.086915
v -2.836351 0.628560 -0.022024
v -3.005073 0.496798 -0.128821
v 3.151038 1.046281 0.159818
v 2.258758 0.264789 1.834839
v -0.000301 20.677772 16.407190
v -0.000219 21.310492 11.379291
v -0.000210 20.610759 11.147754
v 1.130580 20.272841 11.470751
v -0.000204 20.043437 10.774215
v 1.114078 19.641371 11.084763
v 1.183970 19.099902 10.524618
v -0.000197 19.611275 10.220212
v 1.773852 19.025226 11.656839
v 1.490764 18.749955 9.656592
v -0.000132 19.326927 9.411662
v 0.002797 19.384858 8.241592
v 1.970178 18.339638 11.079703
v 1.954649 18.605210 8.618863
v 0.007111 19.572809 7.007197
v 2.323241 17.708726 10.257904
v 2.800688 17.117850 9.238778
v 2.329678 18.440814 7.456311
v 3.377259 16.451856 8.039798
v 0.049684 19.572027 5.719298
v 0.080254 19.598712 4.535702
v 2.356141 19.089960 3.126448
v 0.103635 19.408846 2.878243
v 2.134441 18.029968 -0.241760
v 0.066048 18.308979 -0.005575
v 2.408641 13.157289 -6.666415
v 3.272294 13.446534 -5.134197
v 3.874022 11.561347 -6.739576
v 3.942251 11.300694 -4.918437
v 3.684258 13.151908 -3.170123
v 4.139667 10.529692 -5.966081
v 4.355891 10.191484 -2.757844
v 3.954471 13.110395 -0.800026
v 4.096378 9.147194 -4.391846
v 3.492397 8.417132 -5.526797
v 2.348280 7.771559 -6.502886
v -0.013542 10.653860 -10.513547
v 1.225642 7.549694 -6.659778
v 0.000007 7.244010 -4.686633
v 1.708637 7.360406 -4.569230
v 0.000010 6.619740 -2.971192
v 2.895970 7.884209 -4.298319
v 4.677396 10.251626 -0.433558
v 4.306208 8.688561 1.551770
v 4.738020 10.668433 1.829189
v 2.427827 7.438076 2.877462
v -0.000109 10.703505 9.997292
v 2.061593 12.699215 10.425653
v -0.000145 12.140222 11.665469
v 3.265784 14.386180 9.341276
v 1.783869 13.674258 11.430681
v -0.000174 13.554747 12.775792
v 2.706796 15.460850 10.290494
v 1.611841 14.672375 12.428565
v -0.000201 15.221062 13.550678
v 2.389848 16.270357 11.282380
v 1.500839 16.041252 13.124794
v 2.162999 17.251344 12.046431
v -1.040448 20.743805 16.240515
v -1.130810 20.273520 11.471045
v -1.114474 19.640781 11.084396
v -1.184451 19.099428 10.524301
v -1.774432 19.024159 11.656868
v -1.491124 18.749925 9.656551
v -1.970636 18.339026 11.080530
v -1.953829 18.605483 8.618814
v -2.323602 17.708515 10.258302
v -2.801296 17.118238 9.238705
v -2.328212 18.441813 7.456254
v -2.338436 19.098273 3.126397
v -2.125149 18.036701 -0.241811
v -1.742182 16.815877 -2.896293
v -3.378212 16.452448 8.039709
v -2.413862 13.156821 -6.666424
v -3.278847 13.447803 -5.134222
v -3.940190 11.300701 -4.918448
v -3.683896 13.152048 -3.170155
v -4.140627 10.529699 -5.966084
v -4.356739 10.191491 -2.757854
v -3.957068 13.111076 -0.800091
v -4.099297 9.147040 -4.391854
v -3.492473 8.417117 -5.526801
v -2.348270 7.771557 -6.502888
v -4.677743 10.251632 -0.433579
v -4.306199 8.688541 1.551742
v -2.474012 11.527009 9.251645
v -2.061864 12.699175 10.425600
v -3.794475 13.565484 8.235212
v -3.266535 14.386171 9.341190
v -1.784184 13.674223 11.430635
v -2.707399 15.460819 10.290423
v -1.612203 14.672343 12.428522
v -2.390211 16.270311 11.282317
v -1.501249 16.040504 13.126686
v -2.163424 17.250437 12.048516
v 2.676149 14.011604 -7.110379
v -3.697754 18.729012 4.329485
v -5.010179 18.373336 4.098849
v -0.000330 21.281706 18.644603
v -1.556699 15.335348 12.815765
v -0.000191 14.505050 13.341224
v 1.558094 15.313359 12.804171
v -0.000184 14.086312 13.125509
v 1.452339 22.458519 19.866210
v 1.710455 22.590750 19.273493
v 1.985909 22.573586 18.545747
v 2.058732 22.514689 18.263543
v 1.974473 22.384131 18.253592
v 1.898507 22.333533 18.316986
v 1.640251 22.344752 18.883726
v 1.250511 22.383064 19.574425
v 1.064165 22.131063 20.788196
v 0.976129 21.823905 22.092119
v 0.905978 21.616821 23.321839
v 0.774948 21.565080 23.565708
v 0.469611 21.500820 23.693113
v -0.470380 21.500808 23.693104
v -0.775715 21.565059 23.565693
v -0.906742 21.616799 23.321822
v -0.976871 21.823880 22.092099
v -1.064891 22.131127 20.788205
v -1.251220 22.392580 19.577001
v -1.640950 22.365178 18.887646
v -1.899208 22.358790 18.318483
v -1.975176 22.394778 18.253408
v -2.059434 22.499843 18.265180
v -1.986613 22.568484 18.546569
v -1.711182 22.593948 19.272713
v -1.453087 22.455581 19.866748
v -1.142253 22.323073 21.138926
v -1.135533 22.239113 21.915059
v -1.143071 22.113360 23.199098
v -0.965749 22.113326 23.585503
v -0.430109 22.208004 23.951988
v 0.429247 22.208010 23.952000
v 0.964901 22.113341 23.585530
v 1.142234 22.113377 23.199131
v 1.134732 22.239129 21.915092
v 1.141473 22.323091 21.138959
v 1.375498 22.360966 19.837125
v 1.619978 22.450909 19.217682
v 1.822154 22.497460 18.509603
v 1.864997 22.485878 18.309458
v 1.835659 22.401273 18.314075
v 1.704639 22.392458 18.378162
v 1.469228 22.443067 18.883139
v 1.161611 22.451025 19.560289
v 1.002306 22.167692 20.799664
v 0.921585 21.854931 22.101599
v 0.861131 21.665131 23.337305
v 0.750555 21.603939 23.561047
v 0.485023 21.544664 23.680142
v -0.485792 21.544650 23.680131
v -0.751324 21.603920 23.561032
v -0.861896 21.665108 23.337288
v -0.922328 21.854909 22.101581
v -1.003032 22.167687 20.799650
v -1.162321 22.460212 19.562545
v -1.469929 22.435695 18.882015
v -1.705338 22.386539 18.377949
v -1.836360 22.401574 18.314025
v -1.865699 22.492382 18.308982
v -1.822856 22.491632 18.510297
v -1.620701 22.457859 19.216460
v -1.376242 22.358207 19.837542
v -1.111663 22.262174 21.123563
v -1.101601 22.172898 21.895216
v -1.110553 22.044182 23.167500
v -0.931864 22.058930 23.560524
v -0.439261 22.145359 23.913229
v 0.438402 22.145365 23.913240
v 0.931016 22.058943 23.560551
v 1.109717 22.044198 23.167533
v 1.100802 22.172914 21.895249
v 1.110877 22.262192 21.123596
v 1.264385 22.343925 20.047173
v 1.322494 22.350959 20.049189
v 1.392610 22.440274 20.075649
v 1.346067 22.452080 20.079219
v 1.234152 23.159470 20.254523
v 0.622192 23.499861 20.347238
v -0.000390 23.902537 20.493725
v -0.638332 23.491490 20.345949
v -1.234921 23.159412 20.254503
v -1.346819 22.451815 20.079230
v -1.393364 22.439851 20.075688
v -1.323245 22.350882 20.049161
v -1.265134 22.344646 20.047013
v 1.103574 22.273661 20.831957
v 1.154696 22.278529 20.833133
v 1.203033 22.341631 20.848387
v 1.159377 22.350074 20.850427
v 1.027307 22.945336 20.959942
v 0.467009 23.224296 20.967825
v -0.000398 23.522250 21.129167
v -0.468735 23.224288 20.967811
v -1.028088 22.945316 20.959914
v -1.160144 22.349986 20.850407
v -1.203804 22.341540 20.848364
v -1.155466 22.278441 20.833109
v -1.104339 22.273575 20.831937
v 0.791303 24.482225 19.589853
v 0.986592 23.962823 19.716088
v 1.092679 23.379351 20.134206
v 0.919195 23.229122 20.208234
v 0.844724 22.917104 20.877728
v 0.808101 22.951038 21.253864
v 0.766781 22.761178 22.005506
v 0.757923 22.574216 23.118027
v 0.749850 22.468351 23.561889
v 0.785134 22.147310 23.691505
v 0.815641 22.139721 23.687646
v 0.793750 22.083026 23.658827
v 0.759707 22.078654 23.656605
v -0.811732 24.482520 19.567472
v -1.012282 23.950584 19.700558
v -1.123987 23.355943 20.124418
v -0.932174 23.215456 20.200710
v -0.867785 22.900061 20.872709
v -0.828955 22.934936 21.250273
v -0.786697 22.746478 22.004244
v -0.779060 22.565280 23.117366
v -0.769032 22.462392 23.549560
v -0.806746 22.143467 23.676753
v -0.837912 22.135922 23.672970
v -0.814298 22.079559 23.644701
v -0.779317 22.075212 23.642524
v 0.426173 23.853272 20.314090
v 0.408263 23.759896 20.479012
v 0.359148 23.410371 21.096341
v 0.330377 23.276070 21.334356
v 0.310561 23.049287 22.047162
v 0.289980 22.754222 23.150724
v 0.310264 22.537488 23.809622
v 0.303937 22.220239 23.977925
v 0.317798 22.211848 23.973310
v 0.324578 22.149162 23.938845
v 0.311812 22.144328 23.936185
v -0.448122 23.845777 20.313588
v -0.429386 23.752810 20.478268
v -0.377788 23.404813 21.094701
v -0.347599 23.270956 21.332413
v -0.326862 23.046005 22.044413
v -0.305235 22.751524 23.147707
v -0.326542 22.535886 23.805785
v -0.319900 22.219689 23.974976
v -0.334456 22.211298 23.970279
v -0.341571 22.148620 23.935205
v -0.328164 22.143787 23.932503
v 0.433364 7.425667 -16.220769
v 0.341597 10.617848 -10.414112
v 0.328862 12.278452 -9.242516
v 0.349394 13.440380 -7.864302
v 0.291685 14.999314 -5.720133
v 0.427757 16.890641 -2.841536
v 0.587324 18.290594 -0.062864
v 0.669850 19.381924 2.938447
v 0.693358 19.490600 4.557336
v 0.740145 19.362150 5.790920
v 0.604302 19.333597 7.116132
v 0.485569 19.206667 8.333102
v 0.361494 19.186975 9.471072
v 0.287447 19.487070 10.294163
v 0.270516 19.945702 10.849626
v 0.274139 20.528777 11.226107
v 0.278072 21.254312 11.464319
v 0.297031 22.326161 11.729143
v 0.284042 23.720923 12.266435
v 0.290470 24.892388 12.978458
v 0.214149 25.937051 13.948312
v 0.253444 26.574990 15.142560
v 0.274055 26.778513 16.233407
v 0.293587 26.728910 17.212625
v 0.277741 26.453936 18.053579
v 0.225479 25.676093 19.001564
v 0.133543 25.097662 19.544211
v 0.105586 24.523899 20.059223
v 0.131255 24.255379 20.216504
v 0.103077 23.967537 20.321570
v 0.098731 23.867938 20.490155
v 0.086812 23.495114 21.121205
v 0.079830 23.351043 21.363001
v 0.075020 23.099327 22.088943
v 0.070018 22.795320 23.196617
v 0.074932 22.561827 23.867998
v 0.073396 22.225367 24.021643
v -0.079556 22.225197 24.020617
v -0.081200 22.561266 23.866653
v -0.075916 22.794373 23.195560
v -0.081263 23.098175 22.087978
v -0.086395 23.349273 21.362327
v -0.093869 23.493163 21.120630
v -0.106642 23.865452 20.489897
v -0.111281 23.964910 20.321395
v -0.134811 24.254890 20.215011
v -0.108600 24.523577 20.058776
v -0.137141 25.097013 19.543920
v -0.231010 25.674891 19.000885
v -0.284362 26.452991 18.053424
v -0.300520 26.727867 17.212436
v -0.280544 26.777315 16.233805
v -0.259461 26.574060 15.143076
v -0.219285 25.935373 13.948552
v -0.297205 24.890688 12.980191
v -0.290572 23.718940 12.268056
v -0.303767 22.325416 11.730972
v -0.284323 21.254486 11.466864
v -0.280295 20.527837 11.228180
v -0.276615 19.943462 10.851085
v -0.293935 19.483942 10.295358
v -0.369454 19.183972 9.472294
v -0.491385 19.201869 8.335021
v -0.606489 19.326714 7.118418
v -0.683694 19.366860 5.792417
v -0.585070 19.505951 4.557779
v -0.521365 19.406158 2.939705
v -0.497387 18.316321 -0.064086
v -0.439063 16.893736 -2.841912
v -0.463889 15.028660 -5.718569
v -0.446466 13.445617 -7.862654
v -0.341784 12.273958 -9.241509
v -0.369688 10.625728 -10.412014
v -0.442531 7.425523 -16.218384
v 0.052339 21.424051 23.726115
v 0.052342 21.310572 23.563205
v 0.058225 21.261533 23.174936
v 0.059794 21.323349 22.014296
v 0.064994 21.370007 20.713578
v 0.096421 21.363591 19.438159
v 0.127132 21.353662 18.921688
v 0.129667 21.335255 18.614048
v 0.120847 21.182069 18.056145
v 0.118646 21.028693 17.438151
v 0.117884 20.877601 16.840233
v 0.121666 20.685558 16.388276
v 0.153459 20.452157 15.559007
v 0.143026 20.182472 15.144858
v 0.141758 19.816853 14.842960
v 0.147696 19.130732 14.522494
v 0.161963 18.251733 14.174099
v 0.158261 17.187096 13.823722
v 0.176120 15.317407 13.500652
v 0.182854 14.599997 13.278140
v 0.189173 14.155154 13.043641
v 0.209390 13.568787 12.617788
v 0.242039 12.205885 11.519834
v 0.290489 10.800245 9.909712
v 0.357495 9.575571 8.267856
v 0.225841 8.703694 6.998010
v 0.226862 7.851541 4.955265
v 0.285201 7.303288 2.738305
v 0.305343 7.102405 1.482858
v 0.300655 6.885163 0.422038
v 0.238908 6.709225 -0.402705
v 0.229169 6.555004 -1.679798
v 0.175709 6.615482 -2.961646
v 0.200713 7.257682 -4.672842
v 0.143974 7.503839 -6.611555
v 0.171068 8.060167 -9.161027
v 0.158752 10.627145 -10.464413
v -0.059989 21.425280 23.725571
v -0.059985 21.312022 23.562871
v -0.066622 21.263474 23.174636
v -0.068371 21.325725 22.015023
v -0.074228 21.373610 20.713525
v -0.109734 21.370213 19.436492
v -0.144445 21.362895 18.918513
v -0.147306 21.343580 18.611369
v -0.137320 21.185826 18.053804
v -0.134815 21.030457 17.436628
v -0.133940 20.879772 16.838138
v -0.138180 20.688052 16.384004
v -0.174079 20.458159 15.551233
v -0.162401 20.185879 15.140064
v -0.161413 19.813660 14.839150
v -0.167511 19.134006 14.518873
v -0.183609 18.255292 14.170633
v -0.179404 17.191142 13.818358
v -0.199548 15.329878 13.494368
v -0.206904 14.615317 13.271441
v -0.214269 14.164141 13.032945
v -0.237101 13.570616 12.597147
v -0.273953 12.214454 11.500807
v -0.328657 10.812871 9.898265
v -0.404357 9.586319 8.253282
v -0.255439 8.705695 6.995329
v -0.256520 7.853153 4.954245
v -0.322411 7.305626 2.740717
v -0.345169 7.098500 1.483566
v -0.339877 6.875789 0.424286
v -0.270075 6.702244 -0.403032
v -0.259076 6.552141 -1.675820
v -0.198636 6.614926 -2.960400
v -0.226909 7.259467 -4.671041
v -0.162768 7.504635 -6.612393
v -0.193405 8.061296 -9.156267
v -0.204274 10.635155 -10.457998
vt 0.699219 0.766357
vt 0.820313 0.127930
vt 0.177368 0.917480
vt 0.080933 0.644043
vt 0.708984 0.915710
vt 0.882324 0.096680
vt 0.713379 0.069824
vt 0.405273 0.802368
vt 0.703613 0.988358
vt 0.698730 0.106445
vt 0.341064 0.711426
vt 0.741211 0.066895
vt 0.434814 0.349121
vt 0.239502 0.733154
vt 0.171631 0.952820
vt 0.773438 0.103516
vt 0.845703 0.096680
vt 0.103210 0.917053
vt 0.241821 0.373535
vt 0.889160 0.085449
vt 0.087891 0.779541
vt 0.301758 0.783569
vt 0.129395 0.879211
vt 0.696777 0.086914
vt 0.272705 0.732666
vt 0.075928 0.324707
vt 0.239380 0.751465
vt 0.137085 0.932495
vt 0.186768 0.862793
vt 0.691406 0.092285
vt 0.116150 0.931335
vt 0.872559 0.145508
vt 0.146606 0.707031
vt 0.610352 0.851563
vt 0.205444 0.869019
vt 0.815918 0.151855
vt 0.675293 0.054199
vt 0.715332 0.631104
vt 0.665527 0.604248
vt 0.349854 0.007324
vt 0.358643 0.699219
vt 0.817871 0.785034
vt 0.702637 0.081055
vt 0.148682 0.972580
vt 0.866211 0.132324
vt 0.686035 0.023926
vt 0.646484 0.717773
vt 0.784180 0.746826
vt 0.427490 0.750732
vt 0.759277 0.148438
vt 0.358398 0.722168
vt 0.184448 0.210938
vt 0.647949 0.585449
vt 0.091858 0.936462
vt 0.655273 0.607666
vt 0.842773 0.151367
vt 0.043030 0.886536
vt 0.871094 0.107910
vt 0.215820 0.730469
vt 0.120666 0.852539
vt 0.404541 0.701660
vt 0.290039 0.823975
vt 0.751465 0.137695
vt 0.775391 0.153809
vt 0.392578 0.327637
vt 0.247192 0.741455
vt 0.148682 0.972580
vt 0.656738 0.589844
vt 0.868164 0.140137
vt 0.077499 0.929289
vt 0.561035 0.339355
vt 0.880859 0.162109
vt 0.192627 0.733887
vt 0.458008 0.923584
vt 0.226807 0.914246
vt 0.844727 0.202637
vt 0.748047 0.151367
vt 0.050446 0.312500
vt 0.244019 0.741455
vt 0.010200 0.868164
vt 0.655273 0.607666
vt 0.698730 0.106445
vt 0.063874 0.887375
vt 0.741211 0.066895
vt 0.562988 0.349121
vt 0.880371 0.158691
vt 0.296631 0.728271
vt 0.708496 0.841187
vt 0.259766 0.868896
vt 0.868652 0.168457
vt 0.692383 0.033691
vt 0.082397 0.351074
vt 0.740723 0.639160
vt 0.079956 0.911133
vt 0.767090 0.881531
vt 0.660156 0.584961
vt 0.786133 0.158691
vt 0.021149 0.868408
vt 0.323730 0.584717
vt 0.817871 0.094727
vt 0.259766 0.732178
vt 0.291260 0.895447
vt 0.483154 0.708984
vt 0.763184 0.152344
vt 0.726563 0.041992
vt 0.630859 0.759399
vt 0.669434 0.606445
vt 0.124634 0.894714
vt 0.658203 0.069824
vt 0.882813 0.163574
vt 0.160767 0.900879
vt 0.278809 0.369629
vt 0.846680 0.107910
vt 0.145874 0.713135
vt 0.326172 0.857788
vt 0.164429 0.879944
vt 0.826660 0.195801
vt 0.763184 0.152344
vt 0.570313 0.843994
vt 0.025909 0.230957
vt 0.876465 0.153320
vt 0.067780 0.878159
vt 0.767578 0.111816
vt 0.848633 0.220215
vt 0.135620 0.892090
vt 0.070068 0.066895
vt 0.395264 0.347168
vt 0.844727 0.023438
vt 0.135864 0.715576
vt 0.669434 0.606445
vt 0.192261 0.931763
vt 0.787598 0.255371
vt 0.665527 0.085449
vt 0.814453 0.829712
vt 0.912109 0.347168
vt 0.122498 0.851196
vt 0.922363 0.482910
vt 0.839844 0.172363
vt 0.103149 0.903503
vt 0.177368 0.917480
vt 0.844727 0.032227
vt 0.318848 0.717773
vt 0.661621 0.593262
vt 0.838867 0.020020
vt 0.778809 0.206055
vt 0.707031 0.060059
vt 0.742188 0.729004
vt 0.879883 0.101563
vt 0.132935 0.862183
vt 0.769043 0.184082
vt 0.781738 0.083008
vt 0.785156 0.232910
vt 0.132935 0.862183
vt 0.734375 0.832397
vt 0.196167 0.133301
vt 0.740723 0.100098
vt 0.189209 0.738037
vt 0.797363 0.066406
vt 0.846191 0.040527
vt 0.786621 0.204102
vt 0.670410 0.720459
vt 0.866211 0.132324
vt 0.108276 0.888977
vt 0.784668 0.133789
vt 0.797363 0.191406
vt 0.142456 0.875122
vt 0.768066 0.765625
vt 0.567871 0.701416
vt 0.802246 0.070801
vt 0.165649 0.726074
vt 0.791504 0.111816
vt 0.738770 0.016602
vt 0.772461 0.648193
vt 0.793457 0.897644
vt 0.564941 0.648193
vt 0.839355 0.056641
vt 0.078735 0.784546
vt 0.776855 0.169434
vt 0.826660 0.195801
vt 0.079651 0.794800
vt 0.337402 0.795410
vt 0.487549 0.848022
vt 0.838867 0.020020
vt 0.259766 0.732178
vt 0.018539 0.301270
vt 0.657227 0.602539
vt 0.806641 0.073242
vt 0.786621 0.270996
vt 0.285400 0.876648
vt 0.876953 0.080566
vt 0.096619 0.811279
vt 0.739746 0.137207
vt 0.786621 0.270996
vt 0.096619 0.811279
vt 0.349854 0.852173
vt 0.231445 0.940277
vt 0.698730 0.006348
vt 0.216919 0.733887
vt 0.630371 0.709473
vt 0.784668 0.133789
vt 0.830078 0.029297
vt 0.323730 0.584717
vt 0.677734 0.697021
vt 0.889160 0.085449
vt 0.168579 0.975403
vt 0.323242 0.504150
vt 0.792969 0.255371
vt 0.729980 0.027832
vt 0.727539 0.901550
vt 0.273926 0.908325
vt 0.767578 0.100098
vt 0.348633 0.709961
vt 0.776367 0.103027
vt 0.244507 0.731201
vt 0.100281 0.025879
vt 0.607910 0.696777
vt 0.764648 0.116699
vt 0.148438 0.915466
vt 0.253906 0.430176
vt 0.876953 0.080566
vt 0.720703 0.063965
vt 0.347168 0.749023
vt 0.744629 0.860840
vt 0.723145 0.115234
vt 0.319092 0.719238
vt 0.202881 0.370605
vt 0.241333 0.741943
vt 0.831543 0.953400
vt 0.820801 0.697998
vt 0.778809 0.109375
vt 0.861328 0.081543
vt 0.106018 0.908508
vt 0.883789 0.088867
vt 0.175659 0.731689
vt 0.321533 0.834106
vt 0.132813 0.877197
vt 0.681641 0.083496
vt 0.299561 0.738281
vt 0.040863 0.345848
vt 0.234253 0.750000
vt 0.144706 0.927444
vt 0.285400 0.876648
vt 0.707520 0.093750
vt 0.104858 0.944641
vt 0.886230 0.150391
vt 0.142700 0.709717
vt 0.671387 0.804321
vt 0.135620 0.892090
vt 0.840332 0.157715
vt 0.707031 0.060059
vt 0.098083 0.567871
vt 0.661133 0.603516
vt 0.113220 0.907898
vt 0.838379 0.807983
vt 0.700684 0.063477
vt 0.133423 0.966583
vt 0.847168 0.134766
vt 0.718750 0.004883
vt 0.727051 0.675537
vt 0.523926 0.736328
vt 0.755371 0.160156
vt 0.361084 0.720703
vt 0.081604 0.131348
vt 0.664063 0.598389
vt 0.116150 0.931335
vt 0.656250 0.595703
vt 0.869141 0.155762
vt 0.072449 0.919739
vt 0.870117 0.163086
vt 0.216919 0.733887
vt 0.567871 0.701416
vt 0.251709 0.848633
vt 0.759766 0.131836
vt 0.764648 0.139160
vt 0.430664 0.332520
vt 0.244385 0.727051
vt 0.149658 0.949677
vt 0.659668 0.583252
vt 0.666016 0.587646
vt 0.751465 0.137695
vt 0.083435 0.925903
vt 0.564453 0.354492
vt 0.868652 0.149902
vt 0.189209 0.738037
vt 0.480713 0.979965
vt 0.207275 0.922913
vt 0.808105 0.178223
vt 0.756348 0.144043
vt 0.075928 0.324707
vt 0.803223 0.670654
vt 0.021149 0.868408
vt 0.818848 0.923767
vt 0.638184 0.592529
vt 0.721191 0.119141
vt 0.046448 0.878357
vt 0.747559 0.088867
vt 0.716797 0.147461
vt 0.884766 0.154785
vt 0.296143 0.725586
vt 0.744629 0.860840
vt 0.745117 0.928406
vt 0.863281 0.168457
vt 0.709473 0.039551
vt 0.089600 0.369629
vt 0.784207 0.505012
vt 0.083435 0.925903
vt 0.659180 0.592041
vt 0.840332 0.157715
vt 0.010132 0.866821
vt 0.107178 0.687744
vt 0.810059 0.078613
vt 0.253418 0.742676
vt 0.327637 0.879639
vt 0.524414 0.699463
vt 0.802734 0.185059
vt 0.729980 0.027832
vt 0.662598 0.721436
vt 0.641602 0.591797
vt 0.126465 0.901001
vt 0.645020 0.061523
vt 0.873535 0.161621
vt 0.123413 0.887390
vt 0.323242 0.504150
vt 0.820801 0.139160
vt 0.150635 0.706299
vt 0.361572 0.920288
vt 0.191895 0.898376
vt 0.844727 0.209473
vt 0.744141 0.137695
vt 0.645020 0.607422
vt 0.299072 0.845215
vt 0.882324 0.159180
vt 0.063874 0.887375
vt 0.775391 0.121094
vt 0.851563 0.219238
vt 0.096008 0.884033
vt 0.321533 0.834106
vt 0.469482 0.336914
vt 0.836914 0.030273
vt 0.354980 0.716797
vt 0.660156 0.597412
vt 0.231445 0.940277
vt 0.793945 0.245117
vt 0.658203 0.069824
vt 0.791992 0.798706
vt 0.782605 0.388293
vt 0.112122 0.829712
vt 0.669922 0.047852
vt 0.844727 0.202637
vt 0.124268 0.816162
vt 0.192749 0.917969
vt 0.849609 0.049316
vt 0.341064 0.711426
vt 0.667480 0.591553
vt 0.836914 0.030273
vt 0.800293 0.236816
vt 0.713379 0.069824
vt 0.677734 0.697021
vt 0.882324 0.096680
vt 0.158203 0.857544
vt 0.790527 0.091797
vt 0.800293 0.236816
vt 0.149292 0.833496
vt 0.657715 0.868286
vt 0.047638 0.148438
vt 0.082581 0.562988
vt 0.759277 0.120605
vt 0.169434 0.719727
vt 0.794922 0.132324
vt 0.844727 0.032227
vt 0.593262 0.281250
vt 0.699219 0.766357
vt 0.868652 0.149902
vt 0.123047 0.883362
vt 0.247925 0.727539
vt 0.679688 0.071289
vt 0.833496 0.224609
vt 0.154175 0.878052
vt 0.427490 0.750732
vt 0.661133 0.742432
vt 0.821777 0.022949
vt 0.161499 0.732178
vt 0.797852 0.123047
vt 0.728027 0.076172
vt 0.841929 0.542829
vt 0.438965 0.797852
vt 0.850586 0.077148
vt 0.087524 0.790894
vt 0.803223 0.670654
vt 0.818848 0.923767
vt 0.912109 0.347168
vt 0.081360 0.789673
vt 0.372559 0.813843
vt 0.270264 0.836548
vt 0.833984 0.025879
vt 0.253418 0.742676
vt 0.661621 0.587646
vt 0.823242 0.051758
vt 0.791992 0.263184
vt 0.176514 0.880676
vt 0.866699 0.104004
vt 0.107178 0.833496
vt 0.637695 0.081055
vt 0.654297 0.690918
vt 0.790039 0.274414
vt 0.107788 0.800171
vt 0.844238 0.019043
vt 0.435059 0.893066
vt 0.210815 0.954590
vt 0.720703 0.063965
vt 0.227661 0.739502
vt 0.791992 0.138672
vt 0.650879 0.589844
vt 0.214478 0.561523
vt 0.663574 0.647217
vt 0.885742 0.082520
vt 0.171631 0.952820
vt 0.214478 0.561523
vt 0.778809 0.235352
vt 0.719727 0.040527
vt 0.408203 0.844604
vt 0.240601 0.881104
vt 0.745605 0.092285
vt 0.341797 0.709229
vt 0.784668 0.099121
vt 0.244385 0.727051
vt 0.320068 0.119629
vt 0.127930 0.881409
vt 0.670410 0.720459
vt 0.818848 0.114746
vt 0.159302 0.932068
vt 0.092468 0.480469
vt 0.873535 0.077148
vt 0.084670 0.777568
vt 0.326660 0.765503
vt 0.763672 0.821411
vt 0.702148 0.100098
vt 0.322510 0.729980
vt 0.082214 0.399414
vt 0.234253 0.750000
vt 0.192261 0.952972
vt 0.770020 0.094727
vt 0.844727 0.087891
vt 0.100342 0.931274
vt 0.885742 0.082520
vt 0.169922 0.718506
vt 0.092712 0.813477
vt 0.313477 0.809937
vt 0.141846 0.885986
vt 0.691406 0.092285
vt 0.727051 0.110352
vt 0.050446 0.312500
vt 0.237915 0.741455
vt 0.140312 0.940446
vt 0.278809 0.856812
vt 0.675781 0.088867
vt 0.092298 0.955733
vt 0.883789 0.152344
vt 0.141724 0.708984
vt 0.740234 0.781128
vt 0.164429 0.879944
vt 0.766602 0.144531
vt 0.699707 0.046875
vt 0.082214 0.399414
vt 0.642578 0.597900
vt 0.103210 0.917053
vt 0.664551 0.592529
vt 0.673340 0.077148
vt 0.018951 0.884277
vt 0.864746 0.109375
vt 0.698730 0.006348
vt 0.630371 0.709473
vt 0.742188 0.729004
vt 0.525391 0.782104
vt 0.751953 0.156250
vt 0.354980 0.716797
vt 0.060577 0.277344
vt 0.656250 0.586426
vt 0.119385 0.958801
vt 0.653320 0.600586
vt 0.820801 0.139160
vt 0.057846 0.896031
vt 0.865723 0.165039
vt 0.227661 0.739502
vt 0.408203 0.844604
vt 0.241577 0.828247
vt 0.853516 0.224609
vt 0.766602 0.144531
vt 0.243774 0.305176
vt 0.242920 0.727295
vt 0.168579 0.975403
vt 0.768555 0.105957
vt 0.747559 0.144043
vt 0.096802 0.924561
vt 0.562988 0.349121
vt 0.879883 0.160645
vt 0.192505 0.727539
vt 0.486572 0.936523
vt 0.053436 0.409180
vt 0.273926 0.908325
vt 0.854492 0.179199
vt 0.747070 0.160156
vt 0.004642 0.341941
vt 0.443604 0.852783
vt 0.890625 0.284668
vt 0.022842 0.879028
vt 0.653320 0.600586
vt 0.812500 0.166016
vt 0.026886 0.862549
vt 0.564453 0.354492
vt 0.881836 0.155273
vt 0.299561 0.738281
vt 0.734375 0.832397
vt 0.708984 0.915710
vt 0.775391 0.153809
vt 0.675781 0.039551
vt 0.080933 0.644043
vt 0.043182 0.389160
vt 0.715332 0.631104
vt 0.098328 0.912720
vt 0.660156 0.586426
vt 0.815918 0.151855
vt 0.004159 0.870888
vt 0.214844 0.503906
vt 0.816895 0.104980
vt 0.254395 0.752563
vt 0.308594 0.885132
vt 0.127930 0.881409
vt 0.820801 0.203125
vt 0.769043 0.159668
vt 0.576660 0.781616
vt 0.665527 0.604248
vt 0.095520 0.886719
vt 0.637695 0.081055
vt 0.654297 0.690918
vt 0.865234 0.155762
vt 0.162354 0.917175
vt 0.399170 0.361328
vt 0.817383 0.145020
vt 0.146606 0.707031
vt 0.384277 0.937439
vt 0.130371 0.885193
vt 0.850098 0.228516
vt 0.742676 0.133789
vt 0.278809 0.856812
vt 0.879883 0.160645
vt 0.091417 0.896214
vt 0.790527 0.091797
vt 0.847168 0.234375
vt 0.095520 0.886719
vt 0.033295 0.193848
vt 0.290771 0.310547
vt 0.848145 0.031738
vt 0.356689 0.715088
vt 0.657227 0.602539
vt 0.262939 0.945282
vt 0.783691 0.255859
vt 0.675293 0.054199
vt 0.838379 0.807983
vt 0.827702 0.439107
vt 0.127075 0.849609
vt 0.667480 0.061523
vt 0.808105 0.178223
vt 0.117859 0.823853
vt 0.175415 0.933472
vt 0.851074 0.039063
vt 0.192627 0.733887
vt 0.664063 0.598389
vt 0.840820 0.021484
vt 0.767090 0.173340
vt 0.715820 0.054688
vt 0.697266 0.660156
vt 0.864746 0.109375
vt 0.147217 0.857178
vt 0.791504 0.146484
vt 0.794434 0.229004
vt 0.610352 0.851563
vt 0.056549 0.537354
vt 0.767578 0.111816
vt 0.183350 0.730225
vt 0.623535 0.956329
vt 0.797852 0.123047
vt 0.849609 0.049316
vt 0.790350 0.341309
vt 0.608398 0.723877
vt 0.872559 0.145508
vt 0.127424 0.929175
vt 0.739746 0.137207
vt 0.839844 0.217285
vt 0.158203 0.857544
vt 0.595215 0.745850
vt 0.523926 0.736328
vt 0.818359 0.046387
vt 0.150391 0.707275
vt 0.659668 0.613281
vt 0.738281 0.056152
vt 0.740723 0.639160
vt 0.767090 0.881531
vt 0.487549 0.848022
vt 0.018539 0.301270
vt 0.841309 0.056152
vt 0.082581 0.786011
vt 0.786133 0.158691
vt 0.858952 0.466939
vt 0.083191 0.794189
vt 0.349121 0.878967
vt 0.483154 0.793823
vt 0.702637 0.081055
vt 0.255615 0.760376
vt 0.656250 0.595703
vt 0.802246 0.070801
vt 0.786133 0.264160
vt 0.756836 0.968079
vt 0.877441 0.083984
vt 0.101257 0.805664
vt 0.651367 0.083496
vt 0.786133 0.264160
vt 0.101257 0.805664
vt 0.401855 0.886536
vt 0.207275 0.922913
vt 0.730957 0.049805
vt 0.229248 0.730957
vt 0.124695 0.864868
vt 0.773438 0.103516
vt 0.647461 0.594482
vt 0.516113 0.645020
vt 0.679199 0.714844
vt 0.759277 0.120605
vt 0.149658 0.949677
vt 0.107178 0.687744
vt 0.793945 0.245117
vt 0.715820 0.054688
vt 0.708496 0.841187
vt 0.266602 0.888855
vt 0.722656 0.080566
vt 0.347900 0.712158
vt 0.788086 0.122559
vt 0.244019 0.741455
vt 0.217529 0.007324
vt 0.632324 0.695557
vt 0.846680 0.107910
vt 0.147196 0.934505
vt 0.082581 0.562988
vt 0.876953 0.093262
vt 0.083890 0.777233
vt 0.362549 0.781372
vt 0.207397 0.895386
vt 0.727051 0.110352
vt 0.302246 0.746826
vt 0.043182 0.389160
vt 0.237915 0.741455
vt 0.792480 0.959229
vt 0.779785 0.094727
vt 0.827637 0.058594
vt 0.113220 0.907898
vt 0.884766 0.084473
vt 0.145874 0.713135
vt 0.291260 0.895447
vt 0.132202 0.881104
vt 0.675781 0.088867
vt 0.747070 0.128906
vt 0.082397 0.351074
vt 0.660645 0.608398
vt 0.147196 0.934505
vt 0.763672 0.821411
vt 0.696777 0.086914
vt 0.119385 0.958801
vt 0.881836 0.148438
vt 0.145996 0.706055
vt 0.077209 0.790039
vt 0.710938 0.793213
vt 0.130371 0.885193
vt 0.768555 0.147949
vt 0.647461 0.594482
vt 0.434814 0.349121
vt 0.649902 0.597900
vt 0.148438 0.915466
vt 0.667480 0.591553
vt 0.708008 0.074707
vt 0.008804 0.877808
vt 0.863281 0.132813
vt 0.237793 0.759033
vt 0.624023 0.789917
vt 0.483154 0.793823
vt 0.748047 0.151367
vt 0.356689 0.715088
vt 0.067139 0.219727
vt 0.260498 0.728027
vt 0.104858 0.944641
vt 0.655273 0.583496
vt 0.846191 0.145020
vt 0.084167 0.919678
vt 0.873535 0.161621
vt 0.216431 0.738770
vt 0.401855 0.886536
vt 0.233765 0.859497
vt 0.854004 0.235840
vt 0.759277 0.148438
vt 0.322998 0.195801
vt 0.244507 0.731201
vt 0.026398 0.870605
vt 0.660156 0.586426
vt 0.744141 0.140625
vt 0.084984 0.940882
vt 0.645508 0.603271
vt 0.508789 0.033522
vt 0.875000 0.157715
vt 0.169434 0.719727
vt 0.550293 0.991646
vt 0.266602 0.888855
vt 0.864746 0.174805
vt 0.747559 0.168945
vt 0.875977 0.134766
vt 0.772949 0.086914
vt 0.040863 0.345848
vt 0.875488 0.569824
vt 0.013794 0.873291
vt 0.653320 0.593018
vt 0.863281 0.168457
vt 0.019333 0.862427
vt 0.469482 0.336914
vt 0.861328 0.081543
vt 0.272949 0.729980
vt 0.657715 0.868286
vt 0.047638 0.148438
vt 0.784668 0.930237
vt 0.875000 0.169922
vt 0.718262 0.022949
vt 0.202881 0.370605
vt 0.730957 0.574707
vt 0.106018 0.908508
vt 0.663086 0.584961
vt 0.865723 0.165039
vt 0.010200 0.868164
vt 0.253906 0.430176
vt 0.845703 0.096680
vt 0.247192 0.741455
vt 0.304932 0.866089
vt 0.132202 0.881104
vt 0.839355 0.227051
vt 0.724121 0.051758
vt 0.869141 0.072754
vt 0.608398 0.723877
vt 0.884766 0.154785
vt 0.109924 0.900208
vt 0.667480 0.061523
vt 0.870117 0.163086
vt 0.108276 0.888977
vt 0.241821 0.373535
vt 0.846191 0.145020
vt 0.137085 0.716309
vt 0.373291 0.883179
vt 0.210815 0.954590
vt 0.848633 0.220215
vt 0.753418 0.124512
vt 0.184448 0.210938
vt 0.880371 0.158691
vt 0.026886 0.862549
vt 0.795410 0.099609
vt 0.853516 0.224609
vt 0.126465 0.901001
vt 0.033295 0.193848
vt 0.207397 0.895386
vt 0.846191 0.021973
vt 0.344971 0.719727
vt 0.661621 0.587646
vt 0.253174 0.924133
vt 0.785156 0.232910
vt 0.683105 0.045898
vt 0.817871 0.785034
vt 0.841797 0.315430
vt 0.117859 0.823853
vt 0.779785 0.094727
vt 0.854492 0.179199
vt 0.127075 0.849609
vt 0.176880 0.899902
vt 0.839355 0.056641
vt 0.213257 0.746094
vt 0.664551 0.592529
vt 0.846191 0.021973
vt 0.820801 0.223633
vt 0.679199 0.714844
vt 0.871094 0.107910
vt 0.166504 0.858765
vt 0.767090 0.173340
vt 0.820801 0.223633
vt 0.141357 0.854492
vt 0.671387 0.804321
vt 0.212280 0.422852
vt 0.764648 0.116699
vt 0.188110 0.743408
vt 0.794922 0.132324
vt 0.851074 0.039063
vt 0.599121 0.410645
vt 0.637207 0.739014
vt 0.875000 0.157715
vt 0.140312 0.940446
vt 0.395264 0.347168
vt 0.820801 0.203125
vt 0.082581 0.786011
vt 0.438965 0.797852
vt 0.524414 0.699463
vt 0.831055 0.021973
vt 0.141724 0.719727
vt 0.784668 0.099121
vt 0.743652 0.096680
vt 0.784207 0.505012
vt 0.270264 0.836548
vt 0.862793 0.073242
vt 0.079651 0.794800
vt 0.781250 0.164551
vt 0.782605 0.388293
vt 0.078308 0.795166
vt 0.304932 0.866089
vt 0.259766 0.868896
vt 0.708008 0.074707
vt 0.250732 0.749756
vt 0.813477 0.157715
vt 0.818359 0.046387
vt 0.448486 0.250000
vt 0.745117 0.928406
vt 0.873535 0.096680
vt 0.108459 0.832886
vt 0.660156 0.054199
vt 0.791992 0.272461
vt 0.122498 0.851196
vt 0.486572 0.936523
vt 0.053436 0.409180
vt 0.192261 0.931763
vt 0.738281 0.056152
vt 0.215820 0.730469
vt 0.120666 0.852539
vt 0.742188 0.156738
vt 0.647949 0.585449
vt 0.225952 0.706299
vt 0.704590 0.730957
vt 0.736816 0.103027
vt 0.195724 0.987002
vt 0.098083 0.567871
vt 0.865723 0.089844
vt 0.726563 0.041992
vt 0.693359 0.883606
vt 0.059906 0.109375
vt 0.624023 0.995907
vt 0.743652 0.096680
vt 0.324951 0.735596
vt 0.791504 0.111816
vt 0.242920 0.727295
vt 0.561035 0.339355
vt 0.602539 0.641846
vt 0.817871 0.094727
vt 0.144706 0.927444
vt 0.239624 0.348633
vt 0.869629 0.088379
vt 0.078735 0.784546
vt 0.337402 0.795410
vt 0.205444 0.869019
vt 0.707520 0.093750
vt 0.296143 0.725586
vt 0.024399 0.372703
vt 0.243164 0.748291
vt 0.784668 0.930237
vt 0.175903 0.860718
vt 0.849121 0.078125
vt 0.129395 0.910583
vt 0.937012 0.364258
vt 0.165649 0.726074
vt 0.186768 0.862793
vt 0.202393 0.845215
vt 0.689453 0.078613
vt 0.687500 0.062988
vt 0.203735 0.348145
vt 0.222656 0.755005
vt 0.130202 0.938674
vt 0.774902 0.844238
vt 0.689453 0.078613
vt 0.108459 0.973816
vt 0.879883 0.149414
vt 0.692383 0.033691
vt 0.865723 0.787476
vt 0.162354 0.917175
vt 0.772461 0.136719
vt 0.683105 0.045898
vt 0.430664 0.332520
vt 0.638184 0.592529
vt 0.100342 0.931274
vt 0.653809 0.612793
vt 0.695801 0.070801
vt 0.039093 0.892029
vt 0.866699 0.104004
vt 0.239380 0.751465
vt 0.725586 0.751709
vt 0.275635 0.802490
vt 0.747070 0.160156
vt 0.776367 0.146484
vt 0.322998 0.195801
vt 0.668945 0.599365
vt 0.133423 0.966583
vt 0.653320 0.593018
vt 0.847168 0.134766
vt 0.079956 0.911133
vt 0.866211 0.148926
vt 0.223755 0.748047
vt 0.412598 0.954620
vt 0.224487 0.838745
vt 0.856445 0.229004
vt 0.772461 0.136719
vt 0.284424 0.167480
vt 0.240723 0.729248
vt 0.019333 0.862427
vt 0.128174 0.876160
vt 0.649414 0.606445
vt 0.759766 0.131836
vt 0.091417 0.896214
vt 0.472412 0.359863
vt 0.884277 0.162109
vt 0.183350 0.730225
vt 0.561035 0.949615
vt 0.060883 0.477539
vt 0.223145 0.889771
vt 0.858887 0.175293
vt 0.723145 0.115234
vt 0.024399 0.372703
vt 0.911621 0.613037
vt 0.057846 0.896031
vt 0.642578 0.597900
vt 0.788574 0.153320
vt 0.026321 0.863770
vt 0.472412 0.359863
vt 0.849121 0.078125
vt 0.272217 0.745605
vt 0.299072 0.914551
vt 0.689941 0.953003
vt 0.769043 0.159668
vt 0.704590 0.024414
vt 0.052460 0.604980
vt 0.203735 0.348145
vt 0.666016 0.606934
vt 0.096802 0.924561
vt 0.665039 0.588135
vt 0.817383 0.145020
vt 0.013794 0.873291
vt 0.282227 0.524902
vt 0.820313 0.127930
vt 0.250732 0.749756
vt 0.326904 0.902649
vt 0.166504 0.858765
vt 0.839844 0.217285
vt 0.764160 0.162109
vt 0.525391 0.782104
vt 0.883789 0.152344
vt 0.103149 0.903503
vt 0.660156 0.054199
vt 0.844727 0.209473
vt 0.124634 0.894714
vt 0.276855 0.349609
vt 0.865234 0.155762
vt 0.141724 0.708984
vt 0.376953 0.848145
vt 0.219170 0.974932
vt 0.851563 0.219238
vt 0.747070 0.128906
vt 0.067139 0.219727
vt 0.884277 0.162109
vt 0.049774 0.871338
vt 0.965785 0.493687
vt 0.854004 0.235840
vt 0.109924 0.900208
vt 0.089600 0.369629
vt 0.217651 0.866943
vt 0.841309 0.032715
vt 0.348633 0.709961
vt 0.663086 0.584961
vt 0.833984 0.025879
vt 0.778809 0.235352
vt 0.700684 0.063477
vt 0.725586 0.751709
vt 0.891113 0.313965
vt 0.134399 0.843750
vt 0.768555 0.127441
vt 0.864746 0.174805
vt 0.142212 0.829102
vt 0.875977 0.134766
vt 0.100220 0.025879
vt 0.841309 0.056152
vt 0.192505 0.727539
vt 0.776367 0.103027
vt 0.844727 0.023438
vt 0.764160 0.162109
vt 0.710938 0.703369
vt 0.863281 0.132813
vt 0.142456 0.875122
vt 0.774414 0.141113
vt 0.778809 0.206055
vt 0.162354 0.839233
vt 0.740234 0.781128
vt 0.092468 0.480469
vt 0.797363 0.066406
vt 0.169922 0.718506
vt 0.092712 0.813477
vt 0.890625 0.284668
vt 0.129395 0.879211
vt 0.716142 0.541042
vt 0.568848 0.740234
vt 0.879883 0.149414
vt 0.079773 0.784424
vt 0.276855 0.349609
vt 0.802734 0.185059
vt 0.077209 0.790039
vt 0.391357 0.765991
vt 0.483154 0.708984
vt 0.830078 0.029297
vt 0.273682 0.757935
vt 0.661133 0.603516
vt 0.734375 0.071289
vt 0.791992 0.272461
vt 0.299072 0.845215
vt 0.873535 0.077148
vt 0.081360 0.789673
vt 0.741699 0.140625
vt 0.770996 0.099609
vt 0.648438 0.609375
vt 0.827702 0.439107
vt 0.107178 0.833496
vt 0.373291 0.883179
vt 0.290039 0.823975
vt 0.718262 0.084473
vt 0.245483 0.762085
vt 0.788574 0.153320
vt 0.821777 0.022949
vt 0.217529 0.007324
vt 0.842773 0.764771
vt 0.869629 0.088379
vt 0.137817 0.951721
vt 0.645020 0.061523
vt 0.787598 0.255371
vt 0.112122 0.829712
vt 0.458008 0.923584
vt 0.253174 0.924133
vt 0.730469 0.059082
vt 0.216431 0.738770
vt 0.778809 0.109375
vt 0.644531 0.590576
vt 0.599609 0.410645
vt 0.637207 0.641602
vt 0.740723 0.100098
vt 0.191406 0.971878
vt 0.282227 0.524902
vt 0.879883 0.101563
vt 0.730957 0.049805
vt 0.391357 0.765991
vt 0.223145 0.889771
vt 0.721191 0.119141
vt 0.344971 0.719727
vt 0.747559 0.088867
vt 0.784668 0.087891
vt 0.240723 0.729248
vt 0.349854 0.007813
vt 0.128174 0.876160
vt 0.358398 0.699219
vt 0.630859 0.759399
vt 0.816895 0.104980
vt 0.137085 0.932495
vt 0.212280 0.422852
vt 0.877441 0.083984
vt 0.079773 0.784424
vt 0.372559 0.813843
vt 0.192749 0.917969
vt 0.686523 0.097168
vt 0.272949 0.729980
vt 0.004642 0.341941
vt 0.443604 0.852783
vt 0.241333 0.741943
vt 0.135132 0.925293
vt 0.784668 0.087891
vt 0.686523 0.097168
vt 0.140991 0.899414
vt 0.922363 0.482910
vt 0.150635 0.706299
vt 0.078308 0.795166
vt 0.327637 0.879639
vt 0.149658 0.889648
vt 0.695801 0.070801
vt 0.732422 0.105957
vt 0.194824 0.311035
vt 0.666016 0.606934
vt 0.127424 0.929175
vt 0.791992 0.798706
vt 0.681641 0.083496
vt 0.127808 0.946533
vt 0.868164 0.140137
vt 0.675781 0.039551
vt 0.768066 0.765625
vt 0.470215 0.739502
vt 0.774414 0.141113
vt 0.650879 0.589844
vt 0.070068 0.066895
vt 0.641602 0.591797
vt 0.129395 0.910583
vt 0.661621 0.593262
vt 0.718262 0.084473
vt 0.022842 0.879028
vt 0.863281 0.108398
vt 0.229248 0.730957
vt 0.124695 0.864868
vt 0.576660 0.781616
vt 0.527832 0.844482
vt 0.747559 0.144043
vt 0.781250 0.164551
vt 0.023697 0.268555
vt 0.246948 0.731201
vt 0.127808 0.946533
vt 0.660156 0.584961
vt 0.866211 0.148926
vt 0.098328 0.912720
vt 0.882813 0.163574
vt 0.213257 0.746094
vt 0.435059 0.893066
vt 0.217651 0.866943
vt 0.856445 0.233887
vt 0.751953 0.156250
vt 0.194824 0.311035
vt 0.242798 0.732178
vt 0.010132 0.866821
vt 0.934570 0.654053
vt 0.744141 0.137695
vt 0.050537 0.869995
vt 0.645020 0.607422
vt 0.448486 0.250000
vt 0.882324 0.159180
vt 0.319092 0.719238
vt 0.693359 0.883606
vt 0.059906 0.109375
vt 0.246582 0.902344
vt 0.839355 0.163086
vt 0.742676 0.133789
vt 0.051910 0.355957
vt 0.841929 0.542829
vt 0.043030 0.886536
vt 0.656738 0.589844
vt 0.839355 0.163086
vt 0.019531 0.863525
vt 0.471680 0.352051
vt 0.844727 0.087891
vt 0.272705 0.732666
vt 0.285156 0.926147
vt 0.661133 0.742432
vt 0.833496 0.224609
vt 0.719727 0.040527
vt 0.666016 0.767212
vt 0.665527 0.613281
vt 0.096008 0.884033
vt 0.772949 0.099609
vt 0.663574 0.588379
vt 0.875000 0.169922
vt 0.004636 0.872003
vt 0.296631 0.423340
vt 0.818848 0.114746
vt 0.243164 0.748291
vt 0.341797 0.906921
vt 0.141846 0.885986
vt 0.844238 0.230957
vt 0.772461 0.173828
vt 0.568848 0.740234
vt 0.881836 0.155273
vt 0.068268 0.876572
vt 0.768555 0.127441
vt 0.844238 0.230957
vt 0.109009 0.885132
vt 0.313477 0.809937
vt 0.239624 0.348633
vt 0.840820 0.021484
vt 0.145996 0.706055
vt 0.349854 0.852173
vt 0.192261 0.952972
vt 0.847168 0.234375
vt 0.673340 0.077148
vt 0.023697 0.268555
vt 0.880859 0.162109
vt 0.026321 0.863770
vt 0.970215 0.374023
vt 0.856445 0.229004
vt 0.068268 0.876572
vt 0.064636 0.378906
vt 0.191895 0.898376
vt 0.839844 0.037109
vt 0.341797 0.709229
vt 0.665039 0.588135
vt 0.833984 0.032715
vt 0.794434 0.229004
vt 0.693359 0.055664
vt 0.784180 0.746826
vt 0.885742 0.091797
vt 0.128418 0.864136
vt 0.795410 0.099609
vt 0.858887 0.175293
vt 0.134399 0.843750
vt 0.081604 0.131348
vt 0.827637 0.058594
vt 0.192261 0.729492
vt 0.668945 0.599365
vt 0.841309 0.032715
vt 0.772461 0.173828
vt 0.680664 0.741211
vt 0.863281 0.108398
vt 0.123413 0.887390
vt 0.791992 0.138672
vt 0.786621 0.204102
vt 0.147217 0.857178
vt 0.710938 0.793213
vt 0.637207 0.739014
vt 0.768555 0.105957
vt 0.171265 0.737061
vt 0.778809 0.113770
vt 0.132813 0.877197
vt 0.516113 0.645020
vt 0.570313 0.843994
vt 0.025909 0.230957
vt 0.886230 0.150391
vt 0.130202 0.938674
vt 0.911621 0.613037
vt 0.839355 0.227051
vt 0.093384 0.784424
vt 0.869141 0.072754
vt 0.362549 0.781372
vt 0.470459 0.669922
vt 0.823242 0.051758
vt 0.272217 0.745605
vt 0.653809 0.612793
vt 0.767578 0.100098
vt 0.730957 0.574707
vt 0.178589 0.843506
vt 0.868164 0.082520
vt 0.093811 0.812744
vt 0.747559 0.168945
vt 0.772949 0.086914
vt 0.841797 0.315430
vt 0.093811 0.812744
vt 0.326172 0.857788
vt 0.251709 0.848633
vt 0.713379 0.088379
vt 0.229736 0.736084
vt 0.791504 0.146484
vt 0.811523 0.042480
vt 0.593262 0.281250
vt 0.799316 0.725586
vt 0.884766 0.084473
vt 0.146118 0.991135
vt 0.225952 0.706299
vt 0.791992 0.263184
vt 0.718262 0.022949
vt 0.623535 0.956329
vt 0.056549 0.537354
vt 0.226807 0.914246
vt 0.728027 0.076172
vt 0.223755 0.748047
vt 0.775391 0.121094
vt 0.246948 0.731201
vt 0.715166 0.540553
vt 0.717773 0.146973
vt 0.680664 0.741211
vt 0.722656 0.080566
vt 0.175415 0.933472
vt 0.214844 0.503906
vt 0.868164 0.082520
vt 0.724121 0.051758
vt 0.689941 0.953003
vt 0.744141 0.140625
vt 0.318848 0.717773
vt 0.645508 0.603271
vt 0.052460 0.604980
vt 0.442627 0.356445
vt 0.242798 0.732178
vt 0.191406 0.971878
vt 0.666016 0.767212
vt 0.810059 0.078613
vt 0.135132 0.925293
vt 0.278809 0.369629
vt 0.885742 0.091797
vt 0.078064 0.790161
vt 0.345947 0.823608
vt 0.189575 0.879272
vt 0.736816 0.103027
vt 0.296631 0.728271
vt 0.051910 0.355957
vt 0.232910 0.757813
vt 0.159302 0.932068
vt 0.176514 0.880676
vt 0.702148 0.100098
vt 0.091858 0.936462
vt 0.878418 0.150879
vt 0.150391 0.707275
vt 0.308594 0.885132
vt 0.160767 0.900879
vt 0.687500 0.062988
vt 0.693359 0.055664
vt 0.769043 0.184082
vt 0.781738 0.083008
vt 0.665527 0.613281
vt 0.320068 0.119629
vt 0.772949 0.099609
vt 0.814453 0.829712
vt 0.665527 0.085449
vt 0.125122 0.984428
vt 0.878906 0.144043
vt 0.704590 0.024414
vt 0.764160 0.699219
vt 0.515137 0.658447
vt 0.764648 0.139160
vt 0.644531 0.590576
vt 0.442627 0.356445
vt 0.655273 0.583496
vt 0.140991 0.899414
vt 0.649414 0.606445
vt 0.713379 0.088379
vt 0.053223 0.902939
vt 0.873535 0.096680
vt 0.229736 0.736084
vt 0.595215 0.745850
vt 0.258057 0.815552
vt 0.756348 0.144043
vt 0.768555 0.147949
vt 0.290771 0.310547
vt 0.247925 0.727539
vt 0.137817 0.951721
vt 0.659180 0.592041
vt 0.742188 0.156738
vt 0.075273 0.923715
vt 0.471680 0.352051
vt 0.869141 0.155762
vt 0.192261 0.729492
vt 0.442139 0.968536
vt 0.211914 0.843872
vt 0.839844 0.172363
vt 0.755371 0.160156
vt 0.243774 0.305176
vt 0.239502 0.733154
vt 0.019531 0.863525
vt 0.649902 0.597900
vt 0.753418 0.124512
vt 0.049774 0.871338
vt 0.284424 0.167480
vt 0.876465 0.153320
vt 0.322510 0.729980
vt 0.727539 0.901550
vt 0.240601 0.881104
vt 0.812500 0.166016
vt 0.686035 0.023926
vt 0.646484 0.717773
vt 0.064636 0.378906
vt 0.772461 0.648193
vt 0.084167 0.919678
vt 0.793457 0.897644
vt 0.659668 0.583252
vt 0.666016 0.587646
vt 0.813477 0.157715
vt 0.026398 0.870605
vt 0.399170 0.361328
vt 0.862793 0.073242
vt 0.260498 0.728027
vt 0.312988 0.905823
vt 0.662598 0.721436
vt 0.797363 0.191406
vt 0.718750 0.004883
vt 0.607910 0.696777
vt 0.660645 0.608398
vt 0.109009 0.885132
vt 0.651367 0.083496
vt 0.868652 0.168457
vt 0.176880 0.899902
vt 0.448975 0.451172
vt 0.842773 0.151367
vt 0.246582 0.748047
vt 0.349121 0.878967
vt 0.149658 0.889648
vt 0.845703 0.225098
vt 0.776855 0.169434
vt 0.470215 0.739502
vt 0.878418 0.150879
vt 0.050537 0.869995
vt 0.669922 0.047852
vt 0.850098 0.228516
vt 0.123047 0.883362
vt 0.345947 0.823608
vt 0.392578 0.327637
vt 0.833984 0.032715
vt 0.142700 0.709717
vt 0.659668 0.613281
vt 0.239380 0.964355
vt 0.792969 0.255371
vt 0.732422 0.105957
vt 0.060577 0.277344
vt 0.858952 0.466939
vt 0.046448 0.878357
vt 0.937012 0.364258
vt 0.856445 0.233887
vt 0.067780 0.878159
vt 0.189575 0.879272
vt 0.846191 0.040527
vt 0.347900 0.712158
vt 0.663574 0.588379
vt 0.839844 0.037109
vt 0.772949 0.207520
vt 0.699707 0.046875
vt 0.704590 0.730957
vt 0.883789 0.088867
vt 0.141357 0.854492
vt 0.770020 0.094727
vt 0.772949 0.207520
vt 0.128418 0.864136
vt 0.790350 0.341309
vt 0.850586 0.077148
vt 0.210938 0.751343
vt 0.186035 0.844849
vt 0.848145 0.031738
vt 0.815918 0.209473
vt 0.632324 0.695557
vt 0.878906 0.144043
vt 0.154175 0.878052
vt 0.741699 0.140625
vt 0.648438 0.609375
vt 0.770996 0.099609
vt 0.815918 0.209473
vt 0.170288 0.841675
vt 0.624023 0.789917
vt 0.774902 0.844238
vt 0.811523 0.042480
vt 0.175659 0.731689
vt 0.788086 0.122559
vt 0.730469 0.059082
vt 0.448975 0.451172
vt 0.441650 0.680664
vt 0.881836 0.148438
vt 0.078064 0.790161
vt 0.875488 0.569824
vt 0.845703 0.225098
vt 0.087524 0.790894
vt 0.405273 0.802368
vt 0.527832 0.844482
vt 0.806641 0.073242
vt 0.254395 0.752563
vt 0.660156 0.597412
vt 0.745605 0.092285
vt 0.790039 0.274414
vt 0.844238 0.019043
vt 0.175903 0.860718
vt 0.865723 0.089844
vt 0.083191 0.794189
vt 0.679688 0.071289
vt 0.891113 0.313965
vt 0.108459 0.832886
vt 0.376953 0.848145
vt 0.233765 0.859497
vt 0.738770 0.016602
vt 0.246582 0.748047
vt 0.776367 0.146484
vt 0.831055 0.021973
vt 0.508789 0.033034
vt 0.710938 0.703369
vt 0.876953 0.093262
vt 0.170044 0.990943
vt 0.296631 0.423340
vt 0.783691 0.255859
vt 0.709473 0.039551
vt 0.561035 0.949615
vt 0.060883 0.477539
vt 0.246582 0.902344
vt 0.734375 0.071289
vt 0.348877 0.727051
vt 0.778809 0.113770
vt 0.656250 0.586426
vt 0.196167 0.133301
vt 0.153343 0.835776
vt 0.325434 0.802677
vt 0.311816 0.776272
vt 0.325818 0.802444
vt 0.318097 0.771716
vt 0.095574 0.886422
vt 0.108357 0.888552
vt 0.123373 0.886945
vt 0.130101 0.884775
vt 0.131892 0.880894
vt 0.132300 0.877083
vt 0.128006 0.864217
vt 0.122295 0.851345
vt 0.108318 0.832953
vt 0.093690 0.812825
vt 0.079502 0.794840
vt 0.077970 0.790148
vt 0.079658 0.784437
vt 0.079658 0.784437
vt 0.077970 0.790148
vt 0.079502 0.794840
vt 0.093690 0.812825
vt 0.108318 0.832953
vt 0.122295 0.851345
vt 0.128006 0.864217
vt 0.132300 0.877083
vt 0.131892 0.880894
vt 0.130101 0.884775
vt 0.123373 0.886945
vt 0.108357 0.888552
vt 0.095574 0.886422
vt 0.067834 0.877984
vt 0.049859 0.871189
vt 0.026384 0.863635
vt 0.019509 0.863404
vt 0.010193 0.868016
vt 0.010193 0.868016
vt 0.019509 0.863404
vt 0.026384 0.863635
vt 0.049859 0.871189
vt 0.067834 0.877984
vt 0.095977 0.884204
vt 0.108962 0.885377
vt 0.123070 0.883618
vt 0.128085 0.881650
vt 0.129573 0.879332
vt 0.128469 0.876226
vt 0.124932 0.864822
vt 0.120783 0.852454
vt 0.107259 0.833457
vt 0.092782 0.813430
vt 0.078394 0.795143
vt 0.077264 0.790047
vt 0.078801 0.784538
vt 0.078801 0.784538
vt 0.077264 0.790047
vt 0.078394 0.795143
vt 0.092782 0.813430
vt 0.107259 0.833457
vt 0.120783 0.852454
vt 0.124932 0.864822
vt 0.128469 0.876226
vt 0.129573 0.879332
vt 0.128085 0.881650
vt 0.123070 0.883618
vt 0.108962 0.885377
vt 0.095977 0.884204
vt 0.068237 0.876673
vt 0.050489 0.870081
vt 0.026850 0.862627
vt 0.019346 0.862497
vt 0.010136 0.866907
vt 0.010136 0.866907
vt 0.019346 0.862497
vt 0.026850 0.862627
vt 0.050489 0.870081
vt 0.068237 0.876673
vt 0.091633 0.882852
vt 0.091601 0.883009
vt 0.091198 0.885053
vt 0.091144 0.885326
vt 0.086456 0.894253
vt 0.075174 0.907280
vt 0.069705 0.916767
vt 0.075174 0.907280
vt 0.086456 0.894253
vt 0.091144 0.885326
vt 0.091198 0.885053
vt 0.091601 0.883009
vt 0.091633 0.882852
vt 0.075253 0.878428
vt 0.075222 0.878536
vt 0.074819 0.879928
vt 0.074765 0.880115
vt 0.070748 0.889536
vt 0.064196 0.899202
vt 0.059435 0.905643
vt 0.064196 0.899202
vt 0.070748 0.889536
vt 0.074765 0.880115
vt 0.074819 0.879928
vt 0.075222 0.878536
vt 0.075253 0.878428
vt 0.093077 0.924935
vt 0.094382 0.914659
vt 0.088850 0.899684
vt 0.082112 0.898444
vt 0.068922 0.892230
vt 0.062292 0.889295
vt 0.045495 0.880636
vt 0.025407 0.872952
vt 0.019099 0.869769
vt 0.016931 0.864818
vt 0.016913 0.864689
vt 0.016779 0.863726
vt 0.016769 0.863651
vt 0.093612 0.924881
vt 0.094948 0.914380
vt 0.089267 0.899166
vt 0.082497 0.897954
vt 0.069184 0.891843
vt 0.062539 0.888922
vt 0.045632 0.880309
vt 0.025549 0.872616
vt 0.019393 0.869574
vt 0.017304 0.864632
vt 0.017286 0.864505
vt 0.017148 0.863549
vt 0.017137 0.863476
vt 0.078009 0.913365
vt 0.073377 0.909394
vt 0.062961 0.900872
vt 0.056682 0.897646
vt 0.042009 0.887960
vt 0.021833 0.880390
vt 0.012500 0.874463
vt 0.008765 0.869177
vt 0.008744 0.869032
vt 0.008590 0.867950
vt 0.008578 0.867866
vt 0.078285 0.913049
vt 0.073632 0.909094
vt 0.063136 0.900636
vt 0.056847 0.897417
vt 0.042153 0.887758
vt 0.021976 0.880197
vt 0.012683 0.874296
vt 0.008968 0.869034
vt 0.008950 0.868888
vt 0.008809 0.867802
vt 0.008799 0.867718
vt 0.929004 0.644104
vt 0.816537 0.691366
vt 0.828464 0.946212
vt 0.790586 0.952196
vt 0.753993 0.958456
vt 0.700297 0.979782
vt 0.623905 0.986307
vt 0.552899 0.981451
vt 0.482134 0.969428
vt 0.445988 0.957633
vt 0.418046 0.939690
vt 0.388541 0.925092
vt 0.364415 0.911287
vt 0.343573 0.900141
vt 0.327082 0.897068
vt 0.311922 0.900804
vt 0.297177 0.909917
vt 0.282432 0.921825
vt 0.260571 0.940152
vt 0.237455 0.958515
vt 0.217144 0.969998
vt 0.194676 0.983334
vt 0.169689 0.987174
vt 0.146740 0.986634
vt 0.127135 0.980100
vt 0.111109 0.970174
vt 0.095345 0.953043
vt 0.086651 0.939810
vt 0.078939 0.928468
vt 0.077431 0.922736
vt 0.073797 0.918193
vt 0.070596 0.914979
vt 0.060290 0.904486
vt 0.054062 0.901655
vt 0.039800 0.891042
vt 0.019650 0.883334
vt 0.009701 0.876996
vt 0.005638 0.871318
vt 0.005709 0.871267
vt 0.009765 0.876938
vt 0.019701 0.883267
vt 0.039851 0.890971
vt 0.054121 0.901572
vt 0.060352 0.904403
vt 0.070678 0.914867
vt 0.073894 0.918082
vt 0.077476 0.922715
vt 0.078969 0.928450
vt 0.086687 0.939787
vt 0.095409 0.952986
vt 0.111165 0.970097
vt 0.127178 0.980009
vt 0.146753 0.986539
vt 0.169681 0.987094
vt 0.194654 0.983256
vt 0.217101 0.969894
vt 0.237415 0.958392
vt 0.260521 0.940044
vt 0.282375 0.921733
vt 0.297137 0.909819
vt 0.311900 0.900698
vt 0.327086 0.896950
vt 0.343611 0.899998
vt 0.364475 0.911097
vt 0.388631 0.924831
vt 0.418161 0.939375
vt 0.446069 0.957403
vt 0.482164 0.969206
vt 0.552954 0.981236
vt 0.623902 0.986104
vt 0.700227 0.979601
vt 0.753933 0.958253
vt 0.790546 0.952048
vt 0.816447 0.691226
vt 0.828399 0.946060
vt 0.928886 0.643894
vt 0.084094 0.778373
vt 0.087267 0.780301
vt 0.092696 0.785184
vt 0.107021 0.800816
vt 0.123515 0.817065
vt 0.141294 0.830822
vt 0.148360 0.835962
vt 0.152623 0.838290
vt 0.161866 0.841384
vt 0.169844 0.843682
vt 0.178273 0.845528
vt 0.186121 0.846956
vt 0.202751 0.848011
vt 0.212588 0.846582
vt 0.225577 0.841183
vt 0.242767 0.830642
vt 0.259491 0.818018
vt 0.277327 0.805014
vt 0.303134 0.786667
vt 0.313460 0.779347
vt 0.320364 0.774499
vt 0.330876 0.767367
vt 0.352359 0.751017
vt 0.407237 0.707424
vt 0.445006 0.687575
vt 0.471950 0.674510
vt 0.516226 0.663265
vt 0.565286 0.654445
vt 0.603170 0.648298
vt 0.636633 0.647939
vt 0.662484 0.652350
vt 0.694971 0.664487
vt 0.725158 0.678806
vt 0.761579 0.702717
vt 0.797538 0.728081
vt 0.839848 0.767151
vt 0.862511 0.789885
vt 0.084019 0.778478
vt 0.087185 0.780400
vt 0.092606 0.785283
vt 0.106921 0.800900
vt 0.123416 0.817183
vt 0.141174 0.831047
vt 0.148238 0.836285
vt 0.152529 0.838618
vt 0.161802 0.841665
vt 0.169786 0.843944
vt 0.178232 0.845792
vt 0.186132 0.847232
vt 0.202798 0.848376
vt 0.212676 0.846936
vt 0.225719 0.841501
vt 0.242923 0.830954
vt 0.259678 0.818340
vt 0.277548 0.805343
vt 0.303314 0.787071
vt 0.313624 0.779779
vt 0.320660 0.774863
vt 0.331426 0.767610
vt 0.353037 0.751277
vt 0.407589 0.708177
vt 0.445444 0.688478
vt 0.472145 0.675110
vt 0.516369 0.663894
vt 0.565331 0.655262
vt 0.603252 0.649141
vt 0.636559 0.648767
vt 0.662342 0.653021
vt 0.694672 0.665052
vt 0.724911 0.679233
vt 0.761242 0.703174
vt 0.797306 0.728407
vt 0.839466 0.767462
vt 0.862091 0.790199
f 2/329 3/962 1/544 1022/1020
f 3/962 4/755 5/1391 480/648
f 8/133 6/1177 7/344 25/616
f 9/769 10/558 11/1191
f 13/146 11/1191 12/976 16/357
f 13/146 14/1404 11/1191
f 14/1404 13/146 15/571 20/303
f 15/571 13/146 16/357 499/410
f 14/1404 17/91 9/769 11/1191
f 17/91 18/1348 19/516 9/769
f 14/1404 20/303 17/91
f 17/91 20/303 21/935 18/1348
f 22/728 21/935 20/303 24/1149
f 21/935 22/728 23/1364 496/197
f 25/316 22/728 24/1149 8/105
f 24/1149 20/303 15/571 26/741
f 8/105 24/1149 26/741 498/621
f 27/530 28/1163 29/949 30/118
f 31/1377 28/1163 27/530
f 32/1109 31/1377 27/530 34/64
f 33/895 34/64 35/1322
f 30/118 35/1322 34/64 27/530
f 36/488 35/1322 30/118 39/698
f 36/488 37/274 38/907 1038/993
f 30/118 40/1335 41/1121 39/698
f 39/698 42/288 37/274 36/488
f 39/698 41/1121 43/77 42/288
f 40/1335 44/712 45/502 41/1121
f 48/661 46/1136 47/922 49/451
f 48/661 49/451 50/1084 680/1340
f 51/871 52/37 53/1296 694/255
f 53/1296 54/463 55/250
f 54/463 53/1296 56/883 171/879
f 59/1096 57/674 58/1310 779/53
f 61/51 62/686 60/262 120/554
f 63/476 62/686 61/51 65/1469
f 64/212 62/686 63/476 66/636
f 67/424 64/212 66/636 70/11
f 63/476 65/1469 68/1054 66/636
f 68/1054 65/1469 69/846 72/438
f 70/11 66/636 68/1054
f 71/1269 67/424 70/11 73/225
f 73/225 70/11 68/1054 72/438
f 71/1269 73/225 74/859
f 72/438 69/846 75/649 78/238
f 76/1284 74/859 73/225 72/438
f 77/1070 74/859 76/1284 79/25
f 76/1284 72/438 78/238 79/25
f 79/25 78/238 80/1228 82/184
f 80/1228 78/238 75/649 81/1013
f 77/1070 79/25 82/184 225/688
f 80/1228 81/1013 83/1441 85/396
f 84/609 83/1441 81/1013 138/526
f 86/1028 83/1441 84/609
f 87/817 83/1441 86/1028 88/1455
f 91/198 89/1242 90/411 95/1041
f 91/198 92/831 93/622 89/1242
f 95/1041 90/411 94/1256 96/778
f 96/778 97/567 95/1041
f 91/198 95/1041 97/567 98/1200
f 92/831 91/198 98/1200 99/986
f 97/567 96/778 100/157 102/580
f 100/157 96/778 101/1413 105/791
f 98/1200 97/567 102/580
f 98/1200 102/580 103/368 99/986
f 104/999 99/986 103/368
f 100/157 105/791 106/1428 102/580
f 103/368 102/580 106/1428 109/170
f 107/1213 106/1428 105/791 161/234
f 106/1428 107/1213 108/382 109/170
f 109/170 108/382 110/804 113/114
f 111/594 104/999 103/368 113/114
f 112/325 104/999 111/594
f 109/170 113/114 103/368
f 113/114 110/804 114/751 119/1387
f 115/540 111/594 113/114 119/1387
f 112/325 111/594 115/540 116/1173
f 117/958 116/1173 115/540 119/1387
f 114/751 118/129 117/958 119/1387
f 61/51 120/554 121/340 65/1469
f 121/340 120/554 122/972 124/1400
f 69/846 65/1469 123/765 128/1344
f 123/765 65/1469 121/340 124/1400
f 124/1400 122/972 125/1187 126/353
f 126/353 123/765 124/1400
f 126/353 125/1187 127/142 129/1131
f 75/649 69/846 128/1344 133/512
f 129/1131 128/1344 123/765 126/353
f 127/142 130/299 129/1131
f 129/1131 130/299 131/87 128/1344
f 131/87 130/299 132/723 134/1145
f 133/512 128/1344 131/87 134/1145
f 135/931 81/1013 75/649 133/512
f 135/931 133/512 134/1145 136/101
f 132/723 137/1360 136/101 134/1145
f 138/526 81/1013 135/931 139/312
f 84/609 138/526 86/1028
f 86/1028 138/526 140/945 142/1373
f 140/945 139/312 141/737 142/1373
f 142/1373 143/1159 86/1028
f 144/891 145/682 86/1028 143/1159
f 148/270 146/1318 147/1104 149/59
f 148/270 150/694 151/484 146/1318
f 150/694 152/1117 153/903 151/484
f 152/1117 150/694 154/73
f 154/73 150/694 148/270 155/1331
f 155/1331 148/270 149/59 156/497
f 157/284 105/791 101/1413 152/1117
f 154/73 158/917 157/284 152/1117
f 158/917 154/73 155/1331
f 155/1331 156/497 159/708 158/917
f 160/446 159/708 156/497
f 161/234 158/917 159/708 162/867
f 161/234 105/791 157/284 158/917
f 108/382 107/1213 161/234 162/867
f 110/804 108/382 162/867 163/657
f 162/867 159/708 163/657
f 114/751 110/804 163/657 166/246
f 159/708 160/446 164/1292 163/657
f 165/1079 164/1292 160/446
f 167/33 166/246 163/657 164/1292
f 167/33 164/1292 165/1079 168/669
f 169/459 166/246 167/33 168/669
f 114/751 166/246 169/459 118/129
f 171/879 56/883 170/1092 172/46
f 171/879 172/46 173/1306 176/1464
f 172/46 174/471 173/1306
f 173/1306 174/471 175/258 177/1251
f 54/463 171/879 176/1464
f 177/1251 178/420 176/1464 173/1306
f 179/208 180/841 178/420 177/1251
f 181/632 55/250 54/463 176/1464
f 181/632 176/1464 178/420 182/1266
f 180/841 183/1050 182/1266 178/420
f 181/632 184/221 185/7 55/250
f 186/434 1576/1700 187/1066 1368/1490
f 187/1066 1576/1700 1577/1701 190/800
f 1368/1490 187/1066 189/1280 1367/1489
f 189/1280 187/1066 190/800 193/392
f 191/1437 190/800 1577/1701 1578/1702
f 193/392 190/800 191/1437 195/605
f 1367/1489 189/1280 194/180 1366/1488
f 194/180 189/1280 193/392 195/605
f 1365/1487 1366/1488 194/180 196/1238
f 196/1238 194/180 195/605 197/194
f 1364/1486 1365/1487 196/1238 198/1451
f 197/194 195/605 191/1437 199/618
f 198/1451 196/1238 197/194 201/1037
f 1363/1485 1364/1486 198/1451 202/826
f 199/618 191/1437 1578/1702 1579/1703
f 201/1037 197/194 199/618 203/564
f 202/826 198/1451 201/1037 206/775
f 203/564 199/618 1579/1703 1580/1704
f 203/564 1580/1704 1581/1705 208/1197
f 206/775 201/1037 203/564 208/1197
f 202/826 207/1410 1362/1484 1363/1485
f 208/1197 1581/1705 1582/1706 211/787
f 206/775 210/153 207/1410 202/826
f 208/1197 211/787 210/153 206/775
f 211/787 1582/1706 1583/1707 212/1209
f 212/1209 214/166 210/153 211/787
f 216/590 217/378 214/166 212/1209
f 220/537 218/111 219/1370 284/3
f 221/322 222/955 223/748
f 1358/1480 221/322 223/748 1357/1479
f 1356/1478 1357/1479 223/748 228/550
f 227/761 222/955 226/125 264/1077
f 1391/1513 1443/1565 1444/1566 232/1397
f 223/748 230/968 231/139 233/914
f 1390/1512 1391/1513 232/1397 235/1341
f 228/550 223/748 233/914
f 1444/1566 1445/1567 234/83 232/1397
f 1389/1511 1390/1512 235/1341 237/928
f 236/295 235/1341 232/1397 234/83
f 1388/1510 1389/1511 237/928 239/1142
f 235/1341 236/295 238/1357 237/928
f 1464/1586 1388/1510 239/1142 1463/1585
f 240/98 239/1142 237/928 238/1357
f 1463/1585 239/1142 240/98 1462/1584
f 1488/1610 1387/1509 241/734 1487/1609
f 1487/1609 241/734 243/942 1486/1608
f 1485/1607 1486/1608 243/942 246/1102
f 1461/1583 238/1357 236/295 1460/1582
f 240/98 238/1357 1461/1583 1462/1584
f 1484/1606 1485/1607 246/1102 248/57
f 1483/1605 1484/1606 248/57 250/482
f 1459/1581 1460/1582 236/295 234/83
f 1459/1581 234/83 1445/1567 1458/1580
f 1482/1604 1483/1605 250/482 1446/1568
f 1531/1654 1480/1602 253/692 1530/1653
f 1530/1653 253/692 256/281 1529/1652
f 255/1115 1455/1577 1456/1578 233/914
f 255/1115 233/914 231/139
f 1528/1651 1529/1652 256/281 267/1290
f 259/494 1454/1576 1455/1577 255/1115
f 260/232 231/139 230/968 262/655
f 255/1115 231/139 260/232 261/18
f 259/494 255/1115 261/18 263/444
f 261/18 260/232 262/655 266/31
f 230/968 227/761 262/655
f 263/444 256/281 1454/1576 259/494
f 265/865 227/761 264/1077 287/218
f 262/655 227/761 265/865 266/31
f 263/444 261/18 266/31 269/244
f 267/1290 263/444 269/244
f 1527/1650 1528/1651 267/1290 269/244
f 1526/1649 1527/1650 269/244 271/667
f 271/667 269/244 266/31 273/1090
f 1525/1648 1526/1649 271/667 274/256
f 274/256 271/667 273/1090 277/1034
f 1525/1648 274/256 275/44 1524/1647
f 1524/1647 275/44 278/205 1523/1646
f 280/629 275/44 274/256 277/1034
f 275/44 280/629 281/417 278/205
f 282/1047 278/205 281/417 866/1175
f 1523/1646 278/205 282/1047 1522/1645
f 220/537 284/3 285/1263 286/431
f 281/417 280/629 286/431 285/1263
f 287/218 220/537 286/431 288/852
f 289/642 286/431 280/629 292/797
f 288/852 289/642 291/1063 290/1277
f 290/1277 265/865 287/218 288/852
f 291/1063 289/642 292/797 294/1220
f 292/797 280/629 277/1034 273/1090
f 265/865 290/1277 293/587 266/31
f 293/587 290/1277 291/1063 294/1220
f 266/31 293/587 294/1220 273/1090
f 294/1220 292/797 273/1090
f 188/21 186/434 1613/1737 1614/1738
f 295/1006 1613/1737 186/434 1369/1491
f 296/1434 295/1006 1369/1491 1370/1492
f 297/602 295/1006 296/1434 299/1019
f 188/21 1614/1738 1615/1739 192/1223
f 298/388 297/602 299/1019 301/1448
f 300/810 296/1434 1370/1492 1371/1493
f 299/1019 296/1434 300/810 301/1448
f 300/810 1371/1493 1372/1494 302/1234
f 301/1448 300/810 302/1234 303/191
f 302/1234 1372/1494 1373/1495 304/823
f 298/388 301/1448 303/191 305/615
f 303/191 302/1234 304/823 306/347
f 304/823 1373/1495 1374/1496 307/136
f 1616/1740 200/406 192/1223 1615/1739
f 305/615 303/191 306/347 308/772
f 306/347 304/823 307/136 309/561
f 307/136 1374/1496 1375/1497 310/1194
f 205/982 204/350 1617/1741 1618/1742
f 200/406 1616/1740 1617/1741 204/350
f 308/772 306/347 309/561 311/979
f 309/561 307/136 310/1194 312/149
f 209/363 205/982 1618/1742 1619/1743
f 311/979 309/561 312/149 313/1407
f 1351/1473 209/363 1619/1743 1620/1744
f 314/574 313/1407 312/149 316/992
f 1620/1744 1621/1745 213/995 1351/1473
f 315/360 314/574 316/992 318/1419
f 1621/1745 1622/1746 215/1424 213/995
f 317/784 315/360 318/1419 913/461
f 321/163 319/1206 1379/1501 1380/1502
f 321/163 1380/1502 1381/1503 325/533
f 324/745 322/319 323/108 321/163
f 1450/1572 1451/1573 1382/1504 328/122
f 327/952 324/745 321/163 329/547
f 328/122 1382/1504 1383/1505 331/965
f 325/533 329/547 321/163
f 330/333 1449/1571 1450/1572 328/122
f 331/965 1383/1505 1384/1506 333/1180
f 328/122 331/965 332/1394 330/333
f 333/1180 1384/1506 1385/1507 335/1338
f 331/965 333/1180 334/701 332/1394
f 1476/1598 1477/1599 1386/1508 337/80
f 336/291 334/701 333/1180 335/1338
f 242/1156 1539/1662 1498/1620 1499/1621
f 1475/1597 1476/1598 337/80 338/717
f 1497/1619 1498/1620 1539/1662 1540/1663
f 1497/1619 1540/1663 1541/1664 1496/1618
f 339/506 1474/1596 1475/1597 338/717
f 1496/1618 1541/1664 1542/1665 1495/1617
f 1473/1595 1474/1596 339/506 340/1139
f 1495/1617 1542/1665 1543/1666 1494/1616
f 1473/1595 340/1139 341/925 1472/1594
f 1471/1593 1472/1594 341/925 1448/1570
f 1494/1616 1543/1666 1544/1667 1493/1615
f 342/94 343/1352 1468/1590 1469/1591
f 327/952 329/547 344/520
f 345/306 1548/1671 1549/1672 355/54
f 1467/1589 1468/1590 343/1352 345/306
f 324/745 327/952 347/731 349/253
f 347/731 327/952 344/520 348/466
f 348/466 344/520 346/939 350/886
f 349/253 347/731 348/466 354/265
f 349/253 322/319 324/745
f 350/886 346/939 1467/1589 345/306
f 353/1099 351/677 352/1313 322/319
f 353/1099 322/319 349/253 354/265
f 354/265 348/466 350/886 356/689
f 355/54 1549/1672 1550/1673 356/689
f 350/886 355/54 356/689
f 356/689 1550/1673 1551/1674 357/479
f 357/479 1551/1674 1552/1675 359/898
f 354/265 356/689 357/479 358/1112
f 358/1112 357/479 359/898 361/1325
f 360/67 359/898 1552/1675 1553/1676
f 362/491 360/67 1553/1676 1554/1677
f 359/898 360/67 363/277 361/1325
f 364/15 363/277 360/67 362/491
f 364/15 362/491 365/1274 366/441
f 365/1274 362/491 1554/1677 1555/1678
f 368/862 1573/1696 1574/1698 764/292
f 370/1287 363/277 364/15 956/565
f 351/677 353/1099 371/1074 372/241
f 372/241 371/1074 373/28 374/664
f 372/241 374/664 370/1287
f 375/454 374/664 373/28 377/874
f 361/1325 363/277 375/454 358/1112
f 374/664 375/454 363/277 370/1287
f 373/28 371/1074 376/1087 377/874
f 376/1087 371/1074 353/1099 354/265
f 377/874 376/1087 354/265 358/1112
f 358/1112 375/454 377/874
f 380/1031 378/40 379/1300 959/155
f 382/1458 383/1245 381/820 379/1300
f 386/835 384/414 385/202 378/41
f 387/626 378/41 385/202 969/1371
f 388/1259 387/626 389/1044 960/1411
f 391/1472 392/639 390/215 1181/263
f 393/427 394/1058 392/639 391/1472
f 396/584 397/371 395/849 990/85
f 398/1003 396/584 399/794 401/1216
f 400/1431 401/1216 399/794 992/510
f 404/807 402/385 403/173 405/597
f 406/1231 404/807 405/597 1204/38
f 407/1016 408/188 409/1444
f 410/612 408/188 407/1016 411/399
f 410/612 411/399 412/132 414/557
f 413/1390 412/132 411/399
f 412/132 413/1390 415/343 417/768
f 416/975 414/557 412/132 417/768
f 418/1403 416/975 417/768 421/145
f 419/1190 417/768 415/343 420/356
f 421/145 417/768 419/1190 426/160
f 419/1190 420/356 422/781 427/1416
f 423/570 424/1203 425/989
f 422/781 428/1148 427/1416
f 425/989 424/1203 429/934 430/104
f 427/1416 431/1363 426/160 419/1190
f 432/529 427/1416 428/1148 434/948
f 432/529 433/315 431/1363 427/1416
f 434/948 428/1148 435/740 436/1376
f 436/1376 435/740 437/1162 441/543
f 438/328 432/529 434/948 440/754
f 439/117 432/529 438/328 448/76
f 436/1376 440/754 434/948
f 440/754 436/1376 441/543 445/487
f 437/1162 442/1176 441/543
f 443/961 438/328 440/754
f 441/543 442/1176 444/697 446/1120
f 443/961 440/754 445/487
f 441/543 446/1120 447/906 445/487
f 449/1334 439/117 448/76 450/501
f 439/117 451/287 433/315 432/529
f 449/1334 450/501 452/921 455/1135
f 453/711 452/921 450/501
f 449/1334 454/1347 451/287 439/117
f 454/1347 449/1334 455/1135 1207/818
f 452/921 453/711 456/302 455/1135
f 456/302 453/711 457/90 556/483
f 458/727 457/90 453/711
f 430/104 429/934 459/515 462/673
f 460/249 455/1135 456/302 556/483
f 455/1135 460/249 461/36 1207/818
f 430/104 462/673 463/462 466/50
f 464/1095 463/462 462/673 1208/1456
f 463/462 464/1095 465/882 467/1309
f 466/50 463/462 467/1309 472/1321
f 430/104 466/50 468/475 469/261
f 469/261 468/475 470/894 1021/1235
f 471/685 468/475 466/50 472/1321
f 472/1321 473/1108 471/685
f 474/273 475/63 472/1321 467/1309
f 473/1108 472/1321 475/63 476/1268
f 2/329 476/1268 475/63 3/962
f 475/63 474/273 4/755 3/962
f 1/544 478/224 477/1053 1023/192
f 479/10 477/1053 478/224 481/437
f 3/962 480/648 478/224 1/544
f 482/1069 479/10 481/437 486/450
f 478/224 480/648 483/858 481/437
f 483/858 480/648 5/1391 494/1241
f 481/437 483/858 484/24 486/450
f 485/1283 5/1391 4/755 508/367
f 482/1069 486/450 487/237 489/660
f 486/450 484/24 488/870 487/237
f 489/660 487/237 6/1177 8/133
f 490/1295 12/976 11/1191 10/558
f 492/816 12/976 491/1083 493/608
f 492/816 493/608 494/1241 495/1027
f 483/858 494/1241 493/608 484/24
f 5/1391 485/1283 495/1027 494/1241
f 16/357 12/976 492/816 495/1027
f 21/935 496/197 18/1348
f 22/728 25/316 497/1454 23/1364
f 26/741 15/571 499/410 500/1040
f 498/621 26/741 500/1040 501/830
f 479/12 501/830 500/1040 502/1468
f 502/1468 500/1040 499/410 503/1255
f 477/1055 479/12 502/1468 504/423
f 503/1255 499/410 16/357 507/635
f 505/211 477/1055 504/423 512/1212
f 502/1468 503/1255 506/845 504/423
f 506/845 503/1255 507/635 509/156
f 507/635 495/1027 485/1283 509/156
f 507/635 16/357 495/1027
f 509/156 485/1283 508/367 510/790
f 509/156 510/790 511/579 506/845
f 506/845 511/579 512/1212 504/423
f 515/1427 513/998 514/169 516/593
f 517/381 515/1427 516/593 518/1012
f 519/803 517/381 518/1012 522/395
f 520/1440 521/1227 516/593 514/169
f 522/395 523/183 519/803
f 522/395 518/1012 524/1386 526/339
f 516/593 521/1227 524/1386 518/1012
f 523/183 522/395 525/1172 409/1445
f 526/339 525/1172 522/395
f 527/128 409/1445 525/1172 526/339
f 528/764 409/1445 527/128 529/553
f 526/339 524/1386 530/1186 531/971
f 524/1386 521/1227 530/1186
f 527/128 526/339 531/971 532/141
f 532/141 531/971 530/1186 533/1399
f 529/553 527/128 532/141 533/1399
f 534/566 529/553 533/1399 535/352
f 535/352 533/1399 536/985
f 533/1399 530/1186 537/777 536/985
f 538/1412 536/985 537/777 540/930
f 530/1186 521/1227 539/1199 537/777
f 540/930 537/777 539/1199 543/1144
f 538/1412 540/930 541/722 542/1359
f 543/1144 541/722 540/930
f 520/1440 544/311 539/1199 521/1227
f 543/1144 539/1199 544/311 545/100
f 546/736 543/1144 545/100 547/525
f 541/722 543/1144 546/736 589/840
f 550/113 548/1158 549/944 580/257
f 550/113 546/736 547/525 548/1158
f 460/249 551/1372 552/539 461/36
f 553/324 552/539 551/1372 555/750
f 555/750 551/1372 554/957 558/902
f 460/249 554/957 551/1372
f 554/957 460/249 556/483 557/269
f 557/269 556/483 457/90
f 457/90 458/727 559/693 557/269
f 560/1330 554/957 557/269 559/693
f 558/902 554/957 560/1330 562/283
f 559/693 458/727 561/1116 563/72
f 562/283 560/1330 564/707 569/1343
f 564/707 560/1330 559/693 565/496
f 565/496 559/693 563/72
f 565/496 563/72 566/1130 568/86
f 566/1130 563/72 561/1116 567/916
f 564/707 565/496 568/86
f 569/1343 564/707 568/86 570/511
f 570/511 568/86 566/1130 571/298
f 562/283 572/32 558/902
f 572/32 562/283 569/1343 573/1291
f 573/1291 569/1343 570/511
f 570/511 571/298 574/458 573/1291
f 571/298 575/245 574/458
f 573/1291 574/458 576/878 572/32
f 577/668 574/458 575/245 578/1305
f 574/458 577/668 576/878
f 576/878 577/668 578/1305 572/32
f 580/257 555/750 579/1091 582/681
f 579/1091 572/32 578/1305 453/713
f 558/902 572/32 579/1091 555/750
f 579/1091 453/713 581/45 582/681
f 550/113 580/257 582/681 584/1103
f 582/681 581/45 583/470 584/1103
f 585/890 584/1103 583/470 586/58
f 550/113 584/1103 585/890 546/736
f 587/1317 585/890 586/58 588/1049
f 589/840 546/736 585/890 587/1317
f 587/1317 588/1049 590/6 595/644
f 541/722 589/840 591/1265
f 542/1359 541/722 591/1265 435/742
f 592/433 435/742 591/1265 593/220
f 591/1265 589/840 594/854 597/1065
f 594/854 589/840 587/1317 595/644
f 595/644 590/6 596/1279 598/233
f 597/1065 593/220 591/1265
f 597/1065 594/854 595/644 598/233
f 598/233 596/1279 599/20 600/656
f 597/1065 598/233 600/656
f 593/220 597/1065 600/656 601/445
f 600/656 599/20 601/445
f 604/604 602/1078 603/866 605/391
f 607/812 606/1023 605/391 608/1450
f 609/1237 607/812 608/1450 1224/1001
f 610/405 611/193 612/825
f 612/825 611/193 613/617 614/1250
f 615/1036 614/1250 613/617 617/1463
f 614/1250 615/1036 616/207
f 618/631 616/207 615/1036 620/152
f 615/1036 617/1463 619/419 620/152
f 620/152 619/419 621/1409 624/994
f 618/631 620/152 622/576 623/362
f 622/576 620/152 624/994 627/1208
f 625/786 623/362 622/576 626/1423
f 626/1423 622/576 627/1208 629/165
f 626/1423 628/377 625/786
f 630/799 626/1423 629/165 633/1008
f 628/377 626/1423 630/799 631/589
f 632/1222 628/377 631/589 635/1436
f 634/179 630/799 633/1008 649/563
f 636/1168 632/1222 635/1436 639/1382
f 637/954 630/799 634/179 646/349
f 631/589 630/799 637/954 638/124
f 635/1436 631/589 638/124
f 639/1382 635/1436 638/124 643/760
f 639/1382 640/549 636/1168
f 638/124 637/954 641/335
f 642/967 640/549 639/1382 644/1396
f 643/760 638/124 641/335
f 639/1382 643/760 645/1182 644/1396
f 646/349 634/179 647/138 648/774
f 647/138 634/179 649/563 653/508
f 650/1196 648/774 647/138 654/1141
f 648/774 650/1196 651/981
f 652/719 651/981 650/1196 654/1141
f 654/1141 647/138 653/508 657/1356
f 34/64 655/927 656/97 32/1109
f 654/1141 657/1356 658/522 659/308
f 652/719 654/1141 659/308 661/733
f 659/308 658/522 660/941 669/56
f 662/1369 651/981 652/719 661/733
f 651/981 662/1369 663/1155
f 664/321 663/1155 662/1369 666/747
f 665/110 663/1155 664/321 755/1179
f 662/1369 661/733 666/747
f 667/536 666/747 661/733 659/308
f 668/267 664/321 666/747 667/536
f 669/56 667/536 659/308
f 667/536 669/56 670/691 672/1114
f 669/56 660/941 671/481 670/691
f 668/267 667/536 672/1114 742/373
f 673/900 670/691 671/481 704/2
f 674/69 670/691 673/900 738/991
f 672/1114 670/691 674/69 741/586
f 45/502 675/1327 43/77 41/1121
f 43/77 676/493 42/288
f 42/288 677/280 678/913 37/274
f 677/280 42/288 676/493 679/703
f 677/280 48/661 680/1340 678/913
f 681/1126 48/661 677/280 679/703
f 682/294 47/922 46/1136 1041/588
f 47/922 682/294 683/82 684/1289
f 684/1289 683/82 685/1076 687/30
f 686/243 49/451 47/922 684/1289
f 50/1084 49/451 686/243 697/1315
f 684/1289 687/30 688/666 686/243
f 685/1076 689/456 690/1089 687/30
f 687/30 690/1089 691/876 688/666
f 686/243 688/666 692/43 697/1315
f 689/456 180/1303 693/468 690/1089
f 695/888 694/255 696/679 692/43
f 697/1315 692/43 696/679 698/1101
f 50/1084 697/1315 698/1101 699/837
f 696/679 694/255 185/7 698/1101
f 55/250 185/7 694/255 53/1296
f 699/837 700/628 680/1340 50/1084
f 699/837 698/1101 701/1262 702/1046
f 701/1262 698/1101 185/7
f 702/1046 703/217 700/628 699/837
f 705/641 673/900 704/2 706/430
f 705/641 706/430 707/1062 709/17
f 709/17 707/1062 708/851 711/443
f 711/443 708/851 710/1276 714/654
f 709/17 711/443 712/231 722/1447
f 713/864 712/231 711/443
f 713/864 711/443 714/654 716/176
f 712/231 713/864 715/387 717/809
f 715/387 713/864 716/176 718/601
f 719/1233 712/231 717/809 632/1224
f 719/1233 632/1224 720/1018 721/190
f 712/231 719/1233 722/1447
f 719/1233 721/190 723/614
f 724/401 709/17 722/1447 726/822
f 705/641 709/17 724/401 737/1205
f 725/1033 722/1447 719/1233 723/614
f 726/822 722/1447 725/1033 727/1460
f 727/1460 725/1033 723/614 731/1406
f 728/1247 723/614 721/190 729/416
f 729/416 730/204 728/1247
f 731/1406 728/1247 730/204 732/1193
f 728/1247 731/1406 723/614
f 727/1460 731/1406 732/1193 733/359
f 726/822 727/1460 733/359 734/148
f 735/783 724/401 726/822 734/148
f 724/401 735/783 736/573 737/1205
f 738/991 737/1205 736/573 739/162
f 705/641 737/1205 738/991 673/900
f 674/69 738/991 739/162 651/983
f 674/69 651/983 740/1418 741/586
f 742/373 672/1114 741/586
f 743/1005 741/586 740/1418 745/1433
f 744/796 668/267 742/373 752/121
f 664/321 668/267 744/796 754/546
f 745/1433 740/1418 746/1219 747/951
f 743/1005 745/1433 747/951
f 747/951 746/1219 748/744
f 749/1379 741/586 743/1005 747/951
f 750/1165 749/1379 747/951 748/744
f 750/1165 748/744 751/332 753/757
f 741/586 749/1379 752/121 742/373
f 750/1165 752/121 749/1379
f 753/757 744/796 752/121 750/1165
f 753/757 754/546 744/796
f 754/546 753/757 751/332 755/1179
f 665/110 755/1179 751/332 756/964
f 755/1179 664/321 754/546
f 757/135 758/1393 759/560
f 757/135 759/560 760/346 761/978
f 761/978 760/346 762/771 763/505
f 764/290 765/924 766/716 767/1351
f 767/1351 766/716 768/1138
f 767/1351 768/1138 769/305 770/93
f 770/93 769/305 771/730 772/519
f 774/938 775/107 773/1151 776/1366
f 777/532 774/938 776/1366 1233/1014
f 778/318 58/1310 57/674 1063/926
f 779/53 780/1312 781/478 59/1096
f 782/264 783/897 777/532 1233/1014
f 224/1324 225/688 82/184 784/1111
f 82/184 80/1228 85/396 784/1111
f 785/276 224/1324 784/1111 787/700
f 83/1441 87/817 85/396
f 786/66 784/1111 85/396
f 786/66 85/396 87/817 88/1455
f 788/490 785/276 787/700 789/1123
f 790/909 788/490 789/1123 792/1337
f 784/1111 786/66 791/79 787/700
f 789/1123 787/700 791/79 793/1073
f 93/622 790/909 792/1337 89/1242
f 792/1337 789/1123 793/1073
f 86/1028 794/861 88/1455
f 793/1073 791/79 794/861 795/27
f 786/66 88/1455 794/861 791/79
f 795/27 794/861 86/1028 145/682
f 795/27 145/682 796/1286 798/240
f 797/453 792/1337 793/1073 795/27
f 798/240 797/453 795/27
f 798/240 796/1286 799/873 94/1256
f 89/1242 792/1337 797/453 90/411
f 90/411 797/453 798/240 94/1256
f 96/778 94/1256 799/873 101/1413
f 802/1086 800/663 801/1299 1238/130
f 804/39 803/252 800/663 802/1086
f 806/465 476/1270 805/676 809/625
f 806/465 807/1098 808/885
f 807/1098 806/465 809/625 811/1043
f 811/1043 809/625 810/413 812/834
f 812/834 810/413 813/1471 1082/690
f 136/101 137/1360 320/375 814/1258
f 139/312 135/931 136/101 814/1258
f 814/1258 320/375 815/426 816/214
f 140/945 138/526 139/312
f 141/737 139/312 814/1258
f 816/214 815/426 817/848 819/1273
f 814/1258 816/214 818/638 141/737
f 141/737 818/638 143/1159 142/1373
f 818/638 816/214 819/1273 821/227
f 819/1273 817/848 820/1057 822/14
f 143/1159 818/638 821/227 144/891
f 796/1286 145/682 144/891 824/440
f 822/14 821/227 819/1273
f 822/14 820/1057 147/1104 146/1318
f 823/651 144/891 821/227 822/14
f 824/440 144/891 823/651
f 799/873 796/1286 824/440 153/903
f 823/651 822/14 146/1318 151/484
f 824/440 823/651 151/484 153/903
f 152/1117 101/1413 799/873 153/903
f 177/1251 175/258 825/172 179/208
f 184/221 181/632 182/1266 826/1430
f 826/1430 182/1266 183/1050 827/596
f 826/1430 827/596 683/84 829/1015
f 185/7 184/221 828/384 701/1262
f 829/1015 828/384 184/221 826/1430
f 829/1015 683/84 682/296 831/1443
f 701/1262 828/384 830/806 702/1046
f 830/806 828/384 829/1015 831/1443
f 831/1443 682/296 832/1230 1088/492
f 835/819 833/398 834/187 836/611
f 837/1244 835/819 836/611 1252/158
f 835/819 837/1244 838/1030 839/201
f 839/201 838/1030 840/1457 842/974
f 835/819 839/201 841/1189 833/398
f 841/1189 839/201 842/974 846/355
f 840/1457 843/144 842/974
f 844/1402 716/176 714/654 833/398
f 841/1189 844/1402 833/398
f 845/569 842/974 843/144 610/407
f 844/1402 841/1189 846/355 850/1202
f 842/974 845/569 846/355
f 847/988 846/355 845/569 610/407
f 847/988 610/407 848/780 849/1415
f 850/1202 846/355 847/988 851/370
f 851/370 847/988 849/1415 852/159
f 844/1402 850/1202 851/370 852/159
f 716/176 844/1402 852/159 718/601
f 852/159 849/1415 853/793 854/583
f 718/601 852/159 854/583
f 1361/1483 1362/1484 207/1410 855/1215
f 855/1215 207/1410 210/153 214/166
f 1360/1482 1361/1483 855/1215 856/739
f 855/1215 214/166 856/739
f 1359/1481 1360/1482 856/739 861/542
f 856/739 214/166 857/1161 861/542
f 857/1161 214/166 217/378 860/1375
f 860/1375 217/378 859/116 218/111
f 264/1077 857/1161 860/1375 218/111
f 857/1161 264/1077 226/125 861/542
f 284/3 219/1370 862/327 905/1068
f 1359/1481 861/542 221/322 1358/1480
f 861/542 226/125 222/955 221/322
f 222/955 227/761 230/968 223/748
f 287/218 264/1077 218/111 220/537
f 1521/1644 1522/1645 282/1047 864/753
f 1520/1643 1521/1644 864/753 867/342
f 866/1175 864/753 282/1047
f 864/753 866/1175 868/131 871/286
f 867/342 869/767 1519/1642 1520/1643
f 867/342 864/753 871/286 872/75
f 875/1134 873/710 874/500 869/767
f 875/1134 872/75 876/920 878/1346
f 878/1346 877/89 873/710 875/1134
f 881/933 879/514 880/301
f 882/726 880/301 405/598 403/174
f 172/47 170/1362 883/1147 1117/795
f 1602/1726 884/314 885/103 1601/1725
f 888/260 887/1094 885/103 884/314
f 890/684 889/49 887/1094 891/474
f 890/684 891/474 892/1107 1123/599
f 1590/1714 1591/1715 897/272 899/696
f 899/696 897/272 877/89 878/1346
f 1589/1713 1590/1714 899/696 901/1119
f 878/1346 876/920 901/1119 899/696
f 1589/1713 901/1119 902/857 1588/1712
f 903/647 876/920 872/75 871/286
f 903/647 862/327 904/1282 902/857
f 905/1068 862/327 903/647 871/286
f 905/1068 871/286 868/131
f 284/3 905/1068 868/131 285/1263
f 285/1263 868/131 866/1175 281/417
f 310/1194 1375/1497 1376/1498 906/236
f 312/149 310/1194 906/236 316/992
f 906/236 1376/1498 1377/1499 907/659
f 906/236 907/659 316/992
f 907/659 1377/1499 1378/1500 916/672
f 908/449 316/992 907/659 916/672
f 318/1419 316/992 908/449 909/1082
f 900/1333 910/869 1625/1749 1626/1750
f 909/1082 912/1294 913/461 318/1419
f 352/1313 912/1294 909/1082 908/449
f 914/248 352/1313 908/449 916/672
f 351/677 915/881 912/1294 352/1313
f 319/1206 916/672 1378/1500 1379/1501
f 323/108 914/248 916/672 319/1206
f 319/1206 321/163 323/108
f 914/248 323/108 322/319 352/1313
f 365/1274 1555/1678 1556/1679 917/409
f 917/409 1556/1679 1557/1680 918/196
f 365/1274 917/409 366/441
f 918/196 1557/1680 1558/1681 922/1039
f 919/829 366/441 917/409 920/620
f 920/620 917/409 918/196 921/1254
f 924/1467 922/1039 923/210 925/634
f 926/422 924/1467 925/634 946/815
f 924/1467 926/422 927/1052 921/1254
f 1570/1693 1571/1694 930/1267 1324/1252
f 932/223 933/1426 931/436 1330/154
f 18/1349 934/1211 935/380 19/317
f 936/168 937/802 938/592 1150/1164
f 886/1308 939/1226 1638/1762 1639/1763
f 938/592 937/802 940/1011 1153/1378
f 943/607 941/182 942/1439 1151/950
f 1629/1753 895/1320 896/486 1628/1752
f 947/1453 926/422 946/815 948/1240
f 898/905 1627/1751 1628/1752 896/486
f 1627/1751 898/905 900/1333 1626/1750
f 926/422 947/1453 949/970 927/1052
f 950/763 920/620 921/1254 927/1052
f 950/763 911/35 951/1398 952/1185
f 950/763 952/1185 953/351 920/620
f 919/829 920/620 953/351
f 919/829 953/351 954/140 956/565
f 915/881 954/140 955/776 912/1294
f 956/565 364/15 366/441 919/829
f 956/565 954/140 915/881 370/1287
f 370/1287 915/881 351/677 372/241
f 959/155 957/1198 958/984 380/1031
f 383/1245 382/1458 388/1260 960/1411
f 881/936 961/578 962/366 879/517
f 964/789 965/524 963/997 1175/464
f 384/414 386/835 966/310 1176/251
f 965/524 967/943 384/414 1176/251
f 967/943 965/524 968/735 971/323
f 385/202 384/414 967/943
f 971/323 968/735 970/1157 969/1371
f 970/1157 968/735 972/112 974/538
f 973/749 972/112 968/735
f 970/1157 974/538 969/1371
f 972/112 973/749 975/1171 976/956
f 972/112 976/956 977/127 974/538
f 381/820 978/1385 979/552 1160/699
f 981/71 980/338 381/820 383/1245
f 981/71 383/1245 960/1411 983/495
f 982/1329 980/338 981/71 983/495
f 982/1329 983/495 984/282 985/915
f 984/282 983/495 960/1411 389/1044
f 985/915 984/282 969/1371
f 969/1371 984/282 389/1044 387/626
f 986/706 394/1058 393/427 988/1129
f 987/1342 393/427 391/1472 1182/52
f 989/297 986/706 988/1129 397/371
f 989/297 397/371 396/584
f 395/849 397/371 988/1129 991/721
f 396/584 990/85 992/510 399/794
f 992/510 990/85 993/1143 994/929
f 994/929 400/1431 992/510
f 401/1216 400/1431 995/99 394/1060
f 400/1431 996/1358 997/1462
f 995/99 999/418 998/1249 394/1060
f 1000/206 400/1431 997/1462 1005/219
f 995/99 400/1431 1000/206 1004/1048
f 999/418 1001/839 1002/630 998/1249
f 999/418 1004/1048 1003/1264 1001/839
f 1005/219 1003/1264 1004/1048 1000/206
f 930/1271 1006/4 1007/643 1324/1253
f 1008/432 1001/839 1003/1264
f 1009/1064 1003/1264 1005/219
f 1010/853 1011/19 1012/1278 1013/1007
f 1012/1278 996/1358 1014/798 1013/1007
f 997/1462 996/1358 1012/1278 1005/219
f 1011/19 1005/219 1012/1278
f 1015/1435 1016/1221 1017/389 403/173
f 402/385 1015/1435 403/173
f 426/160 424/1203 421/145
f 426/160 431/1363 1018/178 424/1203
f 433/315 1019/811 1018/178 431/1363
f 1020/603 1019/811 451/287 454/1347
f 470/894 468/475 471/685 1212/833
f 474/273 467/1309 465/882 1029/980
f 508/367 4/755 474/273 1029/980
f 1023/192 1022/1020 1/544
f 487/237 488/870 1024/1449 6/1177
f 493/608 488/870 484/24
f 497/403 25/616 7/344 1025/1035
f 1026/824 1025/1035 7/344 1027/562
f 6/1177 1024/1449 1027/562 7/344
f 1028/348 1026/824 1027/562 10/558
f 10/558 1027/562 1024/1449 490/1295
f 19/516 1028/348 10/558 9/769
f 1024/1449 488/870 490/1295
f 491/1083 490/1295 488/870 493/608
f 491/1083 12/976 490/1295
f 1022/1021 505/211 512/1212 1213/624
f 510/790 508/367 1029/980 1214/1257
f 1031/1408 801/1301 1030/773 1021/1236
f 1032/1195 545/100 544/311 1033/361
f 606/1023 604/604 605/391
f 1034/150 28/1163 624/994 621/1409
f 28/1163 1034/150 1035/785
f 29/949 28/1163 1035/785
f 624/994 28/1163 627/1208
f 627/1208 28/1163 31/1377 629/165
f 633/1008 629/165 31/1377 32/1109
f 633/1008 32/1109 649/563
f 649/563 32/1109 656/97 653/508
f 33/895 1036/575 655/927 34/64
f 1036/575 658/522 657/1356 655/927
f 1036/575 1037/1207 660/941 658/522
f 1038/993 33/895 35/1322 36/488
f 1039/164 1038/993 38/907 1048/1167
f 46/1136 48/661 681/1126 1040/1420
f 1041/588 46/1136 1040/1420
f 688/666 691/876 692/43
f 1042/376 691/876 690/1089 693/468
f 1043/109 693/468 180/1303 179/1368
f 1043/109 179/1368 825/534 1044/320
f 1043/109 1044/320 1045/953 1046/746
f 693/468 1043/109 1046/746 1042/376
f 1046/746 1045/953 1047/1381 52/37
f 1042/376 1046/746 52/37 51/871
f 52/37 1047/1381 170/1092 56/883
f 1042/376 51/871 691/876
f 695/888 692/43 691/876 51/871
f 56/883 53/1296 52/37
f 51/871 694/255 695/888
f 678/913 680/1340 700/628 1048/1167
f 678/913 1048/1167 38/907 37/274
f 703/217 1049/334 1048/1167 700/628
f 1050/123 703/217 702/1046 830/806
f 1051/759 708/851 707/1062 1229/171
f 1051/759 1052/548 710/1276 708/851
f 714/654 710/1276 834/187 833/398
f 1053/1181 1054/966 1055/137 1056/1395
f 1056/1395 1055/137 758/1393 757/135
f 1574/1697 1575/1699 765/924 764/290
f 1040/1421 1058/912 1059/81 1232/1229
f 1058/912 1040/1421 681/1128 679/705
f 679/705 1060/1339 1061/507 1058/912
f 1062/293 778/318 1063/926
f 1063/926 57/674 1060/1339 679/705
f 1064/718 1060/1339 57/674 59/1096
f 1064/718 59/1096 781/478 1066/1140
f 781/478 780/1312 1065/1354 1068/96
f 1064/718 1066/1140 1067/307 1236/610
f 1068/96 1065/1354 1069/732 1070/521
f 781/478 1068/96 1070/521 1066/1140
f 1071/1154 1069/732 1072/940 1074/467
f 1072/940 1069/732 1065/1355 1073/678
f 1074/467 1072/940 1073/678 782/264
f 1075/1100 1071/1154 1074/467
f 783/897 782/264 1073/678
f 1022/1022 1076/887 1077/55 1078/1314
f 2/330 1022/1022 1078/1314 476/1270
f 476/1270 1078/1314 1079/480 805/676
f 805/676 1079/480 1080/266 1081/899
f 809/625 805/676 1081/899 810/413
f 813/1471 810/413 1081/899 1086/68
f 1081/899 1080/266 1083/1326 1086/68
f 813/1471 1084/1113 1085/278 1082/690
f 813/1471 1086/68 1087/702 1084/1113
f 1088/492 1050/123 830/806 831/1443
f 1050/123 1088/492 1089/230 1227/1214
f 1088/492 832/1230 1040/1422 1090/16
f 1092/442 44/714 1091/653 773/1153
f 44/714 1034/151 1093/1075 1091/653
f 859/116 858/947 1094/863 1096/1288
f 1096/1288 1094/863 1095/29 904/1282
f 1095/29 902/857 904/1282
f 859/116 1096/1288 219/1370 218/111
f 219/1370 1096/1288 904/1282 862/327
f 872/75 875/1134 869/767 867/342
f 877/89 1097/455 1098/242 873/710
f 1099/875 1100/665 1101/1302
f 1102/1088 1103/254 1101/1302 1100/665
f 1610/1734 1611/1735 1104/42 1290/48
f 1044/203 825/535 1606/1730 1607/1731
f 1605/1729 1606/1730 825/535 175/640
f 1110/836 1111/1 1112/1261 1045/627
f 1047/429 1045/627 1112/1261
f 1604/1728 1113/216 1298/271 1603/1727
f 1115/1275 1112/1261 1111/1 1284/247
f 883/1147 1047/429 1112/1261 1115/1275
f 170/1362 1047/429 883/1147
f 883/1147 1115/1275 1116/1061 1117/795
f 174/472 172/47 1117/795 1118/585
f 1113/216 174/472 1118/585 1298/271
f 1119/1217 892/1107 891/474 1297/1106
f 888/260 1120/1004 891/474 887/1094
f 884/314 1602/1726 1603/1727 1298/271
f 1600/1724 887/1094 889/49 1599/1723
f 1124/386 890/684 1123/599 1166/504
f 1126/808 894/62 1125/1017 1097/455
f 1591/1715 1592/1716 1126/808 897/272
f 897/272 1126/808 1097/455 877/89
f 876/920 903/647 902/857 901/1119
f 1622/1746 1623/1747 1128/1232 215/1424
f 913/461 1129/400 1127/1446 317/784
f 951/1398 1129/400 955/776 952/1185
f 955/776 1129/400 913/461 912/1294
f 921/1254 918/196 922/1039 924/1467
f 946/815 925/634 1130/189 1154/545
f 368/862 764/292 767/1353
f 368/862 767/1353 770/95 1131/821
f 1133/345 931/436 1134/134 1136/559
f 1135/770 1133/345 1136/559
f 1105/1246 1647/1771 1648/1772 1106/1032
f 1140/1405 1138/977 1139/147 1142/990
f 1644/1768 1141/572 1108/415 1643/1767
f 1026/782 1140/1405 1142/990 1025/358
f 1643/1767 1108/415 1109/1045 1642/1766
f 1642/1766 1109/1045 1114/850 1641/1765
f 1143/1204 1144/372 1140/1405 1026/782
f 1028/161 1143/1204 1026/782
f 23/1417 1145/1365 496/199
f 935/380 1146/1150 1143/1204 1028/161
f 19/317 935/380 1028/161
f 934/1211 18/1349 496/199 1148/743
f 935/380 934/1211 1147/106 1146/1150
f 1149/531 1150/1164 1151/950
f 1151/950 942/1439 1152/119 1149/531
f 1639/1763 1640/1764 1121/175 886/1308
f 1638/1762 939/1226 1122/1432 1637/1761
f 938/592 1153/1378 1151/950 1150/1164
f 943/607 1151/950 1153/1378 1338/379
f 944/394 1154/545 1155/331 945/1026
f 948/1240 946/815 1154/545 944/394
f 927/1052 949/970 911/35 950/763
f 952/1185 955/776 954/140 953/351
f 1157/756 1156/963 957/1198 959/155
f 1158/1392 892/1178 1119/1218 1156/963
f 1123/600 892/1178 1158/1392 1164/78
f 378/40 382/1458 379/1300
f 959/155 379/1300 1159/908 1157/756
f 1159/908 379/1300 1160/699 1161/1336
f 1159/908 1161/1336 1157/756
f 379/1300 381/820 1160/699
f 979/552 1161/1336 1160/699
f 1158/1392 1162/1122 1163/289
f 1164/78 1158/1392 1163/289 1165/715
f 1123/600 1164/78 1165/715 1166/503
f 1165/715 1163/289 1167/1137 1168/923
f 1169/92 1167/1137 1163/289 1162/1122
f 1167/1137 1170/1350 1171/518 1168/923
f 1167/1137 1169/92 1172/304 1170/1350
f 1169/92 1173/937 1174/729 1172/304
f 1174/729 964/789 1175/464 1172/304
f 964/789 1174/729 973/749 968/735
f 968/735 965/524 964/789
f 385/202 967/943 971/323
f 969/1371 385/202 971/323
f 1173/937 1161/1336 975/1171
f 1173/937 975/1171 973/749 1174/729
f 1161/1336 979/552 976/956 975/1171
f 977/127 976/956 979/552 978/1385
f 1177/884 978/1385 381/820 980/338
f 977/127 978/1385 1177/884 1178/675
f 974/538 977/127 1178/675 1179/1311
f 1178/675 1177/884 980/338 982/1329
f 1179/1311 1178/675 982/1329 985/915
f 969/1371 974/538 1179/1311 985/915
f 1181/263 390/215 1180/1097 1327/843
f 1182/52 391/1472 1181/263 1183/687
f 1183/687 1184/477 1182/52
f 1184/477 1183/687 1152/120 942/1110
f 1184/477 942/1110 941/185 1201/452
f 1185/896 988/1129 393/427
f 1185/896 393/427 987/1342 1188/489
f 1186/65 988/1129 1185/896 1187/1323
f 1188/489 1187/1323 1185/896
f 988/1129 1186/65 1189/275 991/721
f 1189/275 1186/65 1014/798 1190/13
f 1014/798 1186/65 1187/1323 1013/1007
f 993/1143 990/85 395/849 991/721
f 991/721 1189/275 1190/13 993/1143
f 993/1143 1190/13 1191/1272 994/929
f 400/1431 994/929 1191/1272 996/1358
f 996/1358 1191/1272 1190/13 1014/798
f 1004/1048 999/418 995/99
f 1009/1064 1192/439 1008/432 1003/1264
f 1009/1064 1005/219 1011/19 1193/226
f 1196/1285 1194/860 1195/650 1349/1184
f 1197/1071 1194/860 1198/239
f 941/185 1197/1071 1198/239 1201/452
f 1196/1285 1199/26 1198/239 1194/860
f 1199/26 1196/1285 1200/662 1202/1085
f 1199/26 1184/477 1201/452 1198/239
f 1199/26 1202/1085 1184/477
f 1182/52 1184/477 1202/1085 1188/489
f 1202/1085 1200/662 1203/872 1188/489
f 1203/872 1193/226 1011/19 1010/853
f 1010/853 1188/489 1203/872
f 1013/1007 1187/1323 1188/489 1010/853
f 1016/1221 1502/1624 1503/1625 1017/389
f 1205/1297 418/1403 421/145 424/1203
f 423/570 1205/1297 424/1203
f 429/934 424/1203 1018/178
f 429/934 1018/178 1019/811 459/515
f 433/315 451/287 1019/811
f 459/515 1019/811 1020/603 1206/1029
f 1206/1029 1020/603 454/1347 1207/818
f 1208/1456 459/515 1206/1029 1209/1243
f 1209/1243 1206/1029 1207/818 461/36
f 1209/1243 461/36 552/539 1210/412
f 1208/1456 1209/1243 1210/412 464/1095
f 462/673 459/515 1208/1456
f 1210/412 1211/200 464/1095
f 465/882 464/1095 1211/200 1029/980
f 510/790 1214/1257 511/579
f 1214/1257 1029/980 1211/200 1218/637
f 512/1212 1215/1042 1213/624
f 1215/1042 512/1212 511/579 1217/1470
f 1216/213 1213/624 1215/1042 1030/773
f 1217/1470 511/579 1214/1257 1218/637
f 1030/773 801/1301 1216/213
f 1215/1042 1217/1470 1219/425
f 1030/773 1215/1042 1219/425 1220/1056
f 1021/1236 1030/773 1220/1056 1205/1298
f 513/998 1205/1298 1220/1056 514/169
f 514/169 1220/1056 1033/361 520/1440
f 1033/361 1220/1056 1219/425 1032/1195
f 544/311 520/1440 1033/361
f 547/525 545/100 1032/1195 1221/847
f 1221/847 1032/1195 1219/425 1217/1470
f 1221/847 1217/1470 1218/637 1222/582
f 548/1158 547/525 1221/847 1222/582
f 1218/637 1211/200 1223/369 1222/582
f 1223/369 1211/200 1210/412 552/539
f 1222/582 549/944 548/1158
f 549/944 1222/582 1223/369 553/324
f 552/539 553/324 1223/369
f 580/257 549/944 553/324 555/750
f 602/1078 1054/966 1053/1181 603/866
f 653/508 656/97 655/927 657/1356
f 1037/1207 1036/575 33/895 1038/993
f 1225/792 660/941 1037/1207 1039/164
f 671/481 660/941 1225/792
f 1037/1207 1038/993 1039/164
f 704/2 671/481 1225/792 1228/383
f 1039/164 1048/1167 1049/334 1226/1429
f 1225/792 1039/164 1226/1429 1228/383
f 703/217 1050/123 1049/334
f 1049/334 1050/123 1227/1214 1226/1429
f 1226/1429 1227/1214 1229/171 1228/383
f 706/430 1228/383 1229/171 707/1062
f 706/430 704/2 1228/383
f 1229/171 1227/1214 1230/805 1051/759
f 1089/230 1230/805 1227/1214
f 1052/548 1051/759 1230/805 1093/1075
f 834/187 710/1276 1052/548
f 776/1366 773/1151 1231/595 1059/81
f 1059/81 1231/595 1232/1229
f 1234/186 1233/1014 776/1366 1059/81
f 1059/81 1058/912 1061/507 1234/186
f 1233/1014 1234/186 1235/1442 782/264
f 1236/610 1061/507 1060/1339 1064/718
f 1236/610 1235/1442 1234/186 1061/507
f 1235/1442 1236/610 1067/307 1075/1100
f 1237/397 1070/521 1069/732 1071/1154
f 1237/397 1067/307 1066/1140 1070/521
f 1067/307 1237/397 1071/1154 1075/1100
f 1075/1100 1074/467 782/264 1235/1442
f 1239/1388 801/1299 800/663 1077/55
f 1076/887 1239/1388 1077/55
f 800/663 803/252 1240/555 1077/55
f 1079/480 1078/1314 1077/55 1240/555
f 1241/341 1240/555 803/252 1249/568
f 1240/555 1241/341 1080/266 1079/480
f 1083/1326 1080/266 1241/341 1247/143
f 1242/973 1085/278 1084/1113 1087/702
f 1086/68 1083/1326 1243/766 1087/702
f 1242/973 1087/702 1243/766 1244/1401
f 1244/1401 1243/766 1083/1326 1247/143
f 1245/1188 1242/973 1244/1401 1248/779
f 1085/279 1242/973 1245/1188 1246/354
f 1248/779 1244/1401 1247/143
f 1246/354 1245/1188 1248/779 1249/568
f 1247/143 1241/341 1249/568 1248/779
f 1249/568 803/252 804/39 1250/1201
f 1250/1201 1246/354 1249/568
f 1088/492 1090/16 1089/230
f 1089/230 1090/16 1251/987 1091/653
f 1230/805 1089/230 1091/653 1093/1075
f 1251/987 773/1153 1091/653
f 1093/1075 1034/151 1252/158 836/611
f 836/611 834/187 1052/548 1093/1075
f 1094/863 1586/1710 1587/1711 1095/29
f 1095/29 1587/1711 1588/1712 902/857
f 1518/1641 1519/1642 869/767 874/500
f 1517/1640 1518/1641 874/500 1256/102
f 1516/1639 1517/1640 1256/102 1258/527
f 1258/527 1256/102 1098/242 1261/738
f 1516/1639 1258/527 1259/313 1515/1638
f 1259/313 1258/527 1261/738 1265/115
f 1261/738 1098/242 1097/455 1125/1017
f 1515/1638 1259/313 1262/1374 1514/1637
f 1513/1636 1514/1637 1262/1374 1266/752
f 1512/1635 1513/1636 1266/752 1270/695
f 1262/1374 1259/313 1268/1174 1269/959
f 1265/115 1268/1174 1259/313
f 1266/752 1262/1374 1269/959 1271/485
f 1270/695 1266/752 1271/485
f 1512/1635 1270/695 1168/1118 1511/1634
f 1166/504 1168/1118 1270/695 1271/485
f 1511/1634 1168/1118 1171/74 1510/1633
f 1509/1632 1274/498 1276/918 1508/1631
f 1323/1465 1569/1692 1570/1693 1324/1252
f 1507/1630 961/581 881/933 1506/1629
f 1503/1626 1504/1627 882/726 1017/390
f 403/174 1017/390 882/726
f 405/598 880/301 1278/1345 1280/300
f 1278/1345 880/301 879/514 1279/1132
f 1280/300 1278/1345 1281/88 1283/513
f 1281/88 1278/1345 1279/1132 1282/724
f 1284/247 1281/88 1282/724 1285/34
f 1286/671 1283/513 1281/88 1284/247
f 1280/300 1283/513 1100/665 1099/875
f 1287/460 1100/665 1283/513 1286/671
f 1100/665 1287/460 1288/1093 1102/1088
f 1104/42 1103/254 1102/1088
f 1612/1736 1103/254 1104/42 1611/1735
f 1290/48 1104/42 1102/1088 1288/1093
f 1609/1733 1610/1734 1290/48 1292/473
f 1292/473 1288/1093 1287/460 1294/892
f 1292/473 1290/48 1288/1093
f 1608/1732 1609/1733 1292/473 1107/1459
f 1287/460 1286/671 1294/892
f 1645/1769 1293/259 1141/572 1644/1768
f 1292/473 1294/892 1110/836 1107/1459
f 1286/671 1284/247 1111/1
f 1111/1 1110/836 1294/892 1286/671
f 175/640 174/472 1113/216
f 1115/1275 1284/247 1295/683 1116/1061
f 1295/683 1284/247 1285/34
f 1295/683 1285/34 1119/1217 1297/1106
f 1118/585 1117/795 1116/1061 1296/1319
f 1296/1319 1116/1061 1295/683 1297/1106
f 1120/1004 1118/585 1296/1319 1297/1106
f 1120/1004 1298/271 1118/585
f 1297/1106 891/474 1120/1004
f 1298/271 1120/1004 888/260 884/314
f 1599/1723 889/49 1300/1051 1598/1722
f 889/49 890/684 1124/386 1300/1051
f 1166/504 1271/485 1124/386
f 1300/1051 1124/386 1302/8 1303/646
f 1302/8 1124/386 1271/485 1305/1067
f 1303/646 1597/1721 1598/1722 1300/1051
f 1303/646 1302/8 1305/1067 1306/856
f 1305/1067 1271/485 1269/959
f 1597/1721 1303/646 1306/856 1596/1720
f 1594/1718 1595/1719 1354/1476 1309/448
f 1309/448 1354/1476 1308/1281 1310/235
f 1308/1281 1305/1067 1269/959 1268/1174
f 1593/1717 1594/1718 1309/448 894/62
f 1268/1174 1265/115 1310/235 1308/1281
f 894/62 1309/448 1310/235 1125/1017
f 1125/1017 1310/235 1265/115 1261/738
f 1253/1414 1128/1232 1623/1747 1624/1748
f 910/869 1253/1414 1624/1748 1625/1749
f 1311/868 1127/1446 1129/400 951/1398
f 951/1398 911/35 1311/868
f 922/1039 1558/1681 1559/1682 923/210
f 923/210 1559/1682 1560/1683 1312/658
f 1312/658 1560/1683 1561/1684 1313/1293
f 925/634 923/210 1312/658 1130/189
f 1130/189 1312/658 1313/1293 1315/814
f 1314/1081 1313/1293 1561/1684 1562/1685
f 1315/814 1313/1293 1314/1081 1317/1239
f 1154/545 1130/189 1315/814 1155/331
f 1316/606 1314/1081 1562/1685 1563/1686
f 1316/606 1563/1686 1564/1687 1318/1025
f 1318/1025 1564/1687 1565/1688 1321/619
f 1319/195 1314/1081 1316/606 1320/1452
f 1317/1239 1314/1081 1319/195
f 1320/1452 1316/606 1318/1025 1325/421
f 1194/408 1321/619 1565/1688 1566/1689
f 1195/1038 1194/408 1566/1689 1567/1690
f 1323/1465 1322/827 1568/1691 1569/1692
f 1321/619 1194/408 1197/1072 1325/421
f 1131/821 930/1267 1571/1694 1572/1695
f 1321/619 1325/421 1318/1025
f 1006/5 1131/821 1326/209 1327/842
f 1326/209 1131/821 770/95 932/223
f 1328/633 1326/209 932/223 1330/154
f 1327/842 1326/209 1328/633 1329/364
f 1329/364 1328/633 1331/788 1332/577
f 1328/633 1330/154 1333/1210 1331/788
f 933/1426 1134/134 931/436
f 1330/154 931/436 1334/996 1333/1210
f 931/436 1133/345 1335/167 1334/996
f 1289/880 1106/1032 1648/1772 1649/1773
f 1137/1192 1335/167 1133/345 1135/770
f 1647/1771 1105/1246 1291/1307 1646/1770
f 1646/1770 1291/1307 1293/259 1645/1769
f 1335/167 1137/1192 1139/147
f 1334/996 1335/167 1139/147 1138/977
f 1334/996 1138/977 1333/1210
f 1138/977 1140/1405 1144/372 1333/1210
f 1333/1210 1144/372 1331/788
f 1640/1764 1641/1765 1114/850 1121/175
f 1146/1150 1331/788 1144/372 1143/1204
f 1336/1425 1331/788 1146/1150 1147/106
f 1336/1425 1332/577 1331/788
f 1152/119 1332/577 1336/1425 1149/531
f 1148/743 496/199 1145/1365 936/168
f 1147/106 934/1211 1148/743 1337/591
f 1336/1425 1147/106 1337/591 1149/531
f 1150/1164 1149/531 1337/591 1148/743
f 1148/743 936/168 1150/1164
f 1122/1432 1299/61 1636/1760 1637/1761
f 1635/1759 1636/1760 1299/61 1301/222
f 941/182 943/607 1340/801 1197/1072
f 1338/379 1339/1010 1340/801 943/607
f 1325/421 1197/1072 1340/801
f 1341/1438 1340/801 1339/1010 1342/1225
f 1325/421 1340/801 1341/1438 1343/393
f 1304/435 1634/1758 1635/1759 1301/222
f 1343/393 1341/1438 1342/1225 1344/181
f 1320/1452 1325/421 1343/393
f 1633/1757 1634/1758 1304/435 1355/1477
f 1632/1756 1353/1475 1307/22 1631/1755
f 1345/1384 1352/1474 1346/1170 1347/337
f 1345/1384 1319/195 1320/1452 1343/393
f 1631/1755 1307/22 893/893 1630/1754
f 1319/195 1345/1384 1347/337 1317/1239
f 1347/337 1346/1170 945/1026 1155/331
f 1155/331 1315/814 1317/1239 1347/337
f 957/1198 1279/1133 1348/126 958/984
f 1282/725 1279/1133 957/1198 1156/963
f 1285/762 1282/725 1156/963 1119/1218
f 1157/756 1158/1392 1156/963
f 1157/756 1161/1336 1162/1122 1158/1392
f 1166/503 1165/715 1168/923
f 1170/1350 1274/499 1171/518
f 1170/1350 1172/304 1175/464 1274/499
f 1276/919 1274/499 1175/464 963/997
f 1162/1122 1161/1336 1173/937 1169/92
f 961/578 1276/919 963/997 962/366
f 1176/251 879/517 962/366 963/997
f 1176/251 966/310 879/517
f 965/524 1176/251 963/997
f 1181/263 1327/843 1329/365 1183/687
f 1183/687 1329/365 1332/551 1152/120
f 987/1342 1182/52 1188/489
f 1006/4 1002/630 1001/839
f 1007/643 1006/4 1001/839 1008/432
f 1324/1253 1007/643 1008/432 1323/1466
f 1323/1466 1008/432 1192/439 1322/828
f 1349/1184 1322/828 1192/439 1350/969
f 1195/650 1322/828 1349/1184
f 1192/439 1009/1064 1193/226 1350/969
f 1196/1285 1349/1184 1350/969 1200/662
f 1200/662 1350/969 1193/226 1203/872
f 212/1209 1583/1707 1584/1708 216/590
f 216/590 1584/1708 1585/1709 858/947
f 858/947 1585/1709 1586/1710 1094/863
f 217/378 216/590 858/947 859/116
f 895/1320 1629/1753 1630/1754 893/893
f 1592/1716 1593/1717 894/62 1126/808
f 1345/1384 1343/393 1344/181 1352/1474
f 1633/1757 1355/1477 1353/1475 1632/1756
f 1354/1476 1595/1719 1596/1720 1306/856
f 1306/856 1305/1067 1308/1281 1354/1476
f 1392/1514 1393/1515 1357/1479 1356/1478
f 1394/1516 1358/1480 1357/1479 1393/1515
f 1395/1517 1359/1481 1358/1480 1394/1516
f 1395/1517 1396/1518 1360/1482 1359/1481
f 1396/1518 1397/1519 1361/1483 1360/1482
f 1397/1519 1398/1520 1362/1484 1361/1483
f 1363/1485 1362/1484 1398/1520 1399/1521
f 1399/1521 1400/1522 1364/1486 1363/1485
f 1400/1522 1401/1523 1365/1487 1364/1486
f 1401/1523 1402/1524 1366/1488 1365/1487
f 1403/1525 1367/1489 1366/1488 1402/1524
f 1404/1526 1368/1490 1367/1489 1403/1525
f 118/645 186/434 1368/1490 1404/1526
f 1369/1491 186/434 118/645 1405/1527
f 1370/1492 1369/1491 1405/1527 1406/1528
f 1371/1493 1370/1492 1406/1528 1407/1529
f 1372/1494 1371/1493 1407/1529 1408/1530
f 1373/1495 1372/1494 1408/1530 1409/1531
f 1374/1496 1373/1495 1409/1531 1410/1532
f 1375/1497 1374/1496 1410/1532 1411/1533
f 1376/1498 1375/1497 1411/1533 1412/1534
f 1377/1499 1376/1498 1412/1534 1413/1535
f 1378/1500 1377/1499 1413/1535 1414/1536
f 1379/1501 1378/1500 1414/1536 1415/1537
f 1380/1502 1379/1501 1415/1537 1416/1538
f 1381/1503 1380/1502 1416/1538 1417/1539
f 1382/1504 1451/1573 1452/1574 1418/1540
f 1383/1505 1382/1504 1418/1540 1419/1541
f 1384/1506 1383/1505 1419/1541 1420/1542
f 1385/1507 1384/1506 1420/1542 1421/1543
f 1386/1508 1477/1599 1478/1600 1422/1544
f 60/523 242/1156 1499/1621 1500/1622
f 1489/1611 1423/1545 1387/1509 1488/1610
f 1465/1587 1424/1546 1388/1510 1464/1586
f 1424/1546 1425/1547 1389/1511 1388/1510
f 1425/1547 1426/1548 1390/1512 1389/1511
f 1426/1548 1427/1549 1391/1513 1390/1512
f 1427/1549 1442/1564 1443/1565 1391/1513
f 77/336 225/1169 1393/1515 1392/1514
f 224/1383 1394/1516 1393/1515 225/1169
f 785/528 1395/1517 1394/1516 224/1383
f 785/528 788/1002 1396/1518 1395/1517
f 788/1002 790/911 1397/1519 1396/1518
f 790/911 93/623 1398/1520 1397/1519
f 1399/1521 1398/1520 93/623 92/832
f 92/832 99/1024 1400/1522 1399/1521
f 99/1024 104/1000 1401/1523 1400/1522
f 104/1000 112/813 1402/1524 1401/1523
f 116/1009 1403/1525 1402/1524 112/813
f 117/855 1404/1526 1403/1525 116/1009
f 118/645 1404/1526 117/855
f 1405/1527 118/645 169/177
f 1406/1528 1405/1527 169/177 168/670
f 1407/1529 1406/1528 168/670 165/1080
f 1408/1530 1407/1529 165/1080 160/447
f 1409/1531 1408/1530 160/447 156/402
f 1410/1532 1409/1531 156/402 149/60
f 1411/1533 1410/1532 149/60 147/1105
f 1412/1534 1411/1533 147/1105 820/1059
f 1413/1535 1412/1534 820/1059 817/23
f 1414/1536 1413/1535 817/23 815/428
f 1415/1537 1414/1536 815/428 320/374
f 1416/1538 1415/1537 320/374 137/1367
f 1417/1539 1416/1538 137/1367 132/1152
f 1418/1540 1452/1574 1453/1575 326/1166
f 1419/1541 1418/1540 326/1166 127/1380
f 1420/1542 1419/1541 127/1380 125/758
f 1421/1543 1420/1542 125/758 122/910
f 1422/1544 1478/1600 1479/1601 120/1124
f 60/523 1500/1622 1501/1623
f 1490/1612 62/309 1423/1545 1489/1611
f 1466/1588 64/720 1424/1546 1465/1587
f 64/720 67/509 1425/1547 1424/1546
f 67/509 71/1127 1426/1548 1425/1547
f 71/1127 229/1183 1427/1549 1426/1548
f 229/1183 1441/1563 1442/1564 1427/1549
f 1428/1550 77/336 1392/1514 1429/1551
f 1430/1552 1429/1551 1392/1514 1356/1478
f 1431/1553 1430/1552 1356/1478 228/550
f 228/550 233/914 1432/1554 1431/1553
f 1457/1579 1432/1554 233/914 1456/1578
f 1480/1602 1481/1603 1433/1555 252/901
f 1492/1614 1545/1668 1546/1669 1491/1613
f 1469/1591 1470/1592 1435/1557 342/94
f 1437/1559 1436/1558 329/547 325/533
f 325/533 1381/1503 1438/1560 1437/1559
f 1439/1561 1438/1560 1381/1503 1417/1539
f 1440/1562 1439/1561 1417/1539 132/1152
f 1441/1563 1428/1550 1429/1551 1442/1564
f 1443/1565 1442/1564 1429/1551 1430/1552
f 1444/1566 1443/1565 1430/1552 1431/1553
f 1431/1553 1432/1554 1445/1567 1444/1566
f 1458/1580 1445/1567 1432/1554 1457/1579
f 1481/1603 1482/1604 1446/1568 1433/1555
f 1493/1615 1544/1667 1545/1668 1492/1614
f 1470/1592 1471/1593 1448/1570 1435/1557
f 1450/1572 1449/1571 1436/1558 1437/1559
f 1437/1559 1438/1560 1451/1573 1450/1572
f 1452/1574 1451/1573 1438/1560 1439/1561
f 1453/1575 1452/1574 1439/1561 1440/1562
f 1454/1576 256/281 253/692 1455/1577
f 1456/1578 1455/1577 253/692 252/901
f 1433/1555 1457/1579 1456/1578 252/901
f 1446/1568 1458/1580 1457/1579 1433/1555
f 250/482 1459/1581 1458/1580 1446/1568
f 250/482 248/57 1460/1582 1459/1581
f 246/1102 1461/1583 1460/1582 248/57
f 1462/1584 1461/1583 246/1102 243/942
f 241/734 1463/1585 1462/1584 243/942
f 1387/1509 1464/1586 1463/1585 241/734
f 1423/1545 1465/1587 1464/1586 1387/1509
f 62/309 1466/1588 1465/1587 1423/1545
f 346/939 344/520 1468/1590 1467/1589
f 1469/1591 1468/1590 344/520 329/547
f 329/547 1436/1558 1470/1592 1469/1591
f 1436/1558 1449/1571 1471/1593 1470/1592
f 1449/1571 330/333 1472/1594 1471/1593
f 332/1394 1473/1595 1472/1594 330/333
f 332/1394 334/701 1474/1596 1473/1595
f 1475/1597 1474/1596 334/701 336/291
f 336/291 335/1338 1476/1598 1475/1597
f 335/1338 1385/1507 1477/1599 1476/1598
f 1478/1600 1477/1599 1385/1507 1421/1543
f 1479/1601 1478/1600 1421/1543 122/910
f 1531/1654 1532/1655 1481/1603 1480/1602
f 1532/1655 1533/1656 1482/1604 1481/1603
f 1533/1656 1534/1657 1483/1605 1482/1604
f 1534/1657 1535/1658 1484/1606 1483/1605
f 1535/1658 1536/1659 1485/1607 1484/1606
f 1536/1659 1537/1660 1486/1608 1485/1607
f 1538/1661 1487/1609 1486/1608 1537/1660
f 242/1156 1488/1610 1487/1609 1538/1661
f 60/523 1489/1611 1488/1610 242/1156
f 60/523 1490/1612 1489/1611
f 1435/1557 1492/1614 1491/1613 342/94
f 1448/1570 1493/1615 1492/1614 1435/1557
f 341/925 1494/1616 1493/1615 1448/1570
f 340/1139 1495/1617 1494/1616 341/925
f 339/506 1496/1618 1495/1617 340/1139
f 338/717 1497/1619 1496/1618 339/506
f 338/717 337/80 1498/1620 1497/1619
f 1499/1621 1498/1620 337/80 1386/1508
f 1500/1622 1499/1621 1386/1508 1422/1544
f 1501/1623 1500/1622 1422/1544 120/1124
f 288/852 286/431 289/642
f 1256/102 874/500 873/710 1098/242
f 1510/1633 1171/74 1274/498 1509/1632
f 1567/1690 1568/1691 1322/827 1195/1038
f 1507/1630 1508/1631 1276/918 961/581
f 350/886 345/306 355/54
f 267/1290 256/281 263/444
f 1505/1628 880/301 882/726 1504/1627
f 368/862 1131/821 1572/1695 1573/1696
f 1506/1629 881/933 880/301 1505/1628
f 930/1267 1131/821 1006/5
f 1547/1670 1548/1671 345/306 343/1352
f 1491/1613 343/1352 342/94
f 1546/1669 1547/1670 343/1352 1491/1613
f 253/692 1480/1602 252/901
f 1502/1624 1057/1125 367/229 1503/1625
f 367/228 369/652 1504/1627 1503/1626
f 1132/613 1505/1628 1504/1627 369/652
f 929/9 1506/1629 1505/1628 1132/613
f 928/844 1507/1630 1506/1629 929/9
f 928/844 1277/709 1508/1631 1507/1630
f 1275/285 1509/1632 1508/1631 1277/709
f 1273/1332 1510/1633 1509/1632 1275/285
f 1272/904 1511/1634 1510/1633 1273/1332
f 1267/541 1512/1635 1511/1634 1272/904
f 1267/541 1264/326 1513/1636 1512/1635
f 1264/326 1263/1160 1514/1637 1513/1636
f 1260/946 1515/1638 1514/1637 1263/1160
f 1257/1361 1516/1639 1515/1638 1260/946
f 1257/1361 1255/932 1517/1640 1516/1639
f 1255/932 1254/1146 1518/1641 1517/1640
f 1254/1146 870/556 1519/1642 1518/1641
f 1520/1643 1519/1642 870/556 865/1389
f 865/1389 863/960 1521/1644 1520/1643
f 863/960 283/838 1522/1645 1521/1644
f 279/1461 1523/1646 1522/1645 283/838
f 276/1248 1524/1647 1523/1646 279/1461
f 272/1304 1525/1648 1524/1647 276/1248
f 272/1304 270/877 1526/1649 1525/1648
f 270/877 268/457 1527/1650 1526/1649
f 268/457 258/704 1528/1651 1527/1650
f 258/704 257/70 1529/1652 1528/1651
f 254/1328 1530/1653 1529/1652 257/70
f 251/268 1531/1654 1530/1653 254/1328
f 251/268 1434/1556 1532/1655 1531/1654
f 1434/1556 1447/1569 1533/1656 1532/1655
f 1447/1569 249/1316 1534/1657 1533/1656
f 249/1316 247/889 1535/1658 1534/1657
f 247/889 245/469 1536/1659 1535/1658
f 245/469 244/680 1537/1660 1536/1659
f 242/1156 1538/1661 1537/1660 244/680
f 1540/1663 1539/1662 242/1156 244/680
f 1541/1664 1540/1663 244/680 245/469
f 1542/1665 1541/1664 245/469 247/889
f 1543/1666 1542/1665 247/889 249/1316
f 1544/1667 1543/1666 249/1316 1447/1569
f 1545/1668 1544/1667 1447/1569 1434/1556
f 1546/1669 1545/1668 1434/1556 251/268
f 251/268 254/1328 1547/1670 1546/1669
f 254/1328 257/70 1548/1671 1547/1670
f 1549/1672 1548/1671 257/70 258/704
f 1550/1673 1549/1672 258/704 268/457
f 1551/1674 1550/1673 268/457 270/877
f 1552/1675 1551/1674 270/877 272/1304
f 1553/1676 1552/1675 272/1304 276/1248
f 1554/1677 1553/1676 276/1248 279/1461
f 1555/1678 1554/1677 279/1461 283/838
f 1556/1679 1555/1678 283/838 863/960
f 1557/1680 1556/1679 863/960 865/1389
f 1558/1681 1557/1680 865/1389 870/556
f 1559/1682 1558/1681 870/556 1254/1146
f 1560/1683 1559/1682 1254/1146 1255/932
f 1561/1684 1560/1683 1255/932 1257/1361
f 1562/1685 1561/1684 1257/1361 1260/946
f 1563/1686 1562/1685 1260/946 1263/1160
f 1564/1687 1563/1686 1263/1160 1264/326
f 1565/1688 1564/1687 1264/326 1267/541
f 1566/1689 1565/1688 1267/541 1272/904
f 1567/1690 1566/1689 1272/904 1273/1332
f 1273/1332 1275/285 1568/1691 1567/1690
f 1569/1692 1568/1691 1275/285 1277/709
f 1570/1693 1569/1692 1277/709 928/844
f 928/844 929/9 1571/1694 1570/1693
f 1572/1695 1571/1694 929/9 1132/613
f 1573/1696 1572/1695 1132/613 369/652
f 1574/1698 1573/1696 369/652 367/228
f 367/229 1057/1125 1575/1699 1574/1697
f 885/103 887/1094 1600/1724 1601/1725
f 175/640 1113/216 1604/1728 1605/1729
f 1045/627 1044/203 1107/1459 1110/836
f 1607/1731 1608/1732 1107/1459 1044/203
f 1576/1700 186/434 188/21 1577/1701
f 1578/1702 1577/1701 188/21 192/1223
f 1579/1703 1578/1702 192/1223 200/406
f 1580/1704 1579/1703 200/406 204/350
f 1581/1705 1580/1704 204/350 205/982
f 1582/1706 1581/1705 205/982 209/363
f 1583/1707 1582/1706 209/363 1351/1473
f 1584/1708 1583/1707 1351/1473 213/995
f 1585/1709 1584/1708 213/995 215/1424
f 1586/1710 1585/1709 215/1424 1128/1232
f 1587/1711 1586/1710 1128/1232 1253/1414
f 1588/1712 1587/1711 1253/1414 910/869
f 900/1333 1589/1713 1588/1712 910/869
f 900/1333 898/905 1590/1714 1589/1713
f 898/905 896/486 1591/1715 1590/1714
f 896/486 895/1320 1592/1716 1591/1715
f 895/1320 893/893 1593/1717 1592/1716
f 893/893 1307/22 1594/1718 1593/1717
f 1307/22 1353/1475 1595/1719 1594/1718
f 1596/1720 1595/1719 1353/1475 1355/1477
f 1304/435 1597/1721 1596/1720 1355/1477
f 1598/1722 1597/1721 1304/435 1301/222
f 1299/61 1599/1723 1598/1722 1301/222
f 1122/1432 1600/1724 1599/1723 1299/61
f 1601/1725 1600/1724 1122/1432 939/1226
f 886/1308 1602/1726 1601/1725 939/1226
f 1603/1727 1602/1726 886/1308 1121/175
f 1114/850 1604/1728 1603/1727 1121/175
f 1605/1729 1604/1728 1114/850 1109/1045
f 1109/1045 1108/415 1606/1730 1605/1729
f 1607/1731 1606/1730 1108/415 1141/572
f 1141/572 1293/259 1608/1732 1607/1731
f 1293/259 1291/1307 1609/1733 1608/1732
f 1291/1307 1105/1246 1610/1734 1609/1733
f 1105/1246 1106/1032 1611/1735 1610/1734
f 1289/880 1612/1736 1611/1735 1106/1032
f 1614/1738 1613/1737 295/1006 297/602
f 1615/1739 1614/1738 297/602 298/388
f 305/615 1616/1740 1615/1739 298/388
f 1617/1741 1616/1740 305/615 308/772
f 1618/1742 1617/1741 308/772 311/979
f 1619/1743 1618/1742 311/979 313/1407
f 1620/1744 1619/1743 313/1407 314/574
f 314/574 315/360 1621/1745 1620/1744
f 315/360 317/784 1622/1746 1621/1745
f 317/784 1127/1446 1623/1747 1622/1746
f 1624/1748 1623/1747 1127/1446 1311/868
f 1625/1749 1624/1748 1311/868 911/35
f 1626/1750 1625/1749 911/35 949/970
f 947/1453 1627/1751 1626/1750 949/970
f 1628/1752 1627/1751 947/1453 948/1240
f 944/394 1629/1753 1628/1752 948/1240
f 1630/1754 1629/1753 944/394 945/1026
f 1346/1170 1631/1755 1630/1754 945/1026
f 1352/1474 1632/1756 1631/1755 1346/1170
f 1344/181 1633/1757 1632/1756 1352/1474
f 1344/181 1342/1225 1634/1758 1633/1757
f 1635/1759 1634/1758 1342/1225 1339/1010
f 1339/1010 1338/379 1636/1760 1635/1759
f 1637/1761 1636/1760 1338/379 1153/1378
f 940/1011 1638/1762 1637/1761 1153/1378
f 1639/1763 1638/1762 940/1011 937/802
f 937/802 936/168 1640/1764 1639/1763
f 936/168 1145/1365 1641/1765 1640/1764
f 23/1417 1642/1766 1641/1765 1145/1365
f 497/404 1643/1767 1642/1766 23/1417
f 1025/358 1644/1768 1643/1767 497/404
f 1142/990 1645/1769 1644/1768 1025/358
f 1139/147 1646/1770 1645/1769 1142/990
f 1137/1192 1647/1771 1646/1770 1139/147
f 1648/1772 1647/1771 1137/1192 1135/770
f 1649/1773 1648/1772 1135/770 1136/559
v 0.017815 21.691706 23.195683
v 0.017842 21.941591 22.958515
v -0.089172 21.816154 22.922562
v -0.142466 21.768314 22.912828
v 0.017846 21.665155 22.884958
v 0.017827 22.508814 17.416346
v 0.017829 23.037386 18.061390
v 0.747093 23.180960 17.949118
v 1.337249 22.712658 17.586636
v 0.017830 23.243729 19.208241
v 0.635076 23.385609 19.215145
v 1.173378 22.843655 19.077816
v 0.017828 22.247580 17.871420
v 0.017833 22.461554 18.359596
v 0.773834 22.617723 20.120771
v 0.017834 22.290092 20.046171
v 0.242521 21.824413 22.419910
v 0.017839 21.741282 22.399569
v 0.017835 21.928570 21.000242
v 0.422533 22.117380 21.257378
v 0.178155 21.768314 22.912828
v 0.124882 21.816154 22.922562
v 0.017839 22.051046 22.479237
v 0.173511 22.008013 22.468260
v 0.274577 22.432676 21.347393
v 0.017844 22.416874 21.342903
v 0.468898 23.028780 20.227230
v 0.017834 22.997597 20.226507
v -0.711430 23.180935 17.949358
v -0.599403 23.385609 19.215145
v -0.433223 23.028780 20.227230
v -1.301583 22.712805 17.586777
v -1.137727 22.808176 19.022047
v -0.738187 22.617723 20.120771
v -0.386870 22.117380 21.257378
v -0.206834 21.824417 22.419909
v -0.137819 22.008013 22.468260
v -0.238895 22.432676 21.347393
vt 0.176543 0.736671
vt 0.178820 0.737031
vt 0.178627 0.738813
vt 0.178478 0.739688
vt 0.179492 0.737217
vt 0.182162 0.741474
vt 0.240703 0.752110
vt 0.236586 0.751327
vt 0.239201 0.745743
vt 0.242670 0.741629
vt 0.227807 0.749548
vt 0.229747 0.744301
vt 0.231713 0.740178
vt 0.237136 0.751502
vt 0.233855 0.750869
vt 0.217501 0.740465
vt 0.214188 0.747024
vt 0.186015 0.735189
vt 0.184197 0.738253
vt 0.204141 0.744626
vt 0.203119 0.738864
vt 0.179990 0.734604
vt 0.179637 0.735419
vt 0.182992 0.737870
vt 0.184551 0.735772
vt 0.201930 0.740316
vt 0.200761 0.743460
vt 0.216232 0.743091
vt 0.214661 0.747130
vt 0.235878 0.757238
vt 0.226810 0.755031
vt 0.213969 0.751354
vt 0.236685 0.762197
vt 0.226729 0.759684
vt 0.213678 0.754201
vt 0.199703 0.748914
vt 0.182110 0.740267
vt 0.199734 0.746814
f 1650/1774 1651/1775 1652/1776 1653/1777
f 1654/1778 1650/1774 1653/1777 1685/1779
f 1655/1780 1656/1781 1657/1782 1658/1783
f 1659/1784 1660/1785 1657/1782 1656/1781
f 1660/1785 1661/1786 1658/1783 1657/1782
f 1662/1787 1658/1783 1661/1786 1663/1788
f 1663/1788 1661/1786 1664/1789 1665/1790
f 1666/1791 1667/1792 1668/1793 1669/1794
f 1667/1792 1666/1791 1654/1778
f 1654/1778 1666/1791 1670/1795 1650/1774
f 1650/1774 1670/1795 1671/1796 1651/1775
f 1651/1775 1671/1796 1672/1797
f 1673/1798 1670/1795 1666/1791 1669/1794
f 1671/1796 1670/1795 1673/1798 1672/1797
f 1672/1797 1673/1798 1674/1799 1675/1800
f 1661/1786 1660/1785 1676/1801 1664/1789
f 1660/1785 1659/1784 1677/1802 1676/1801
f 1671/1796 1651/1775 1650/1774 1670/1795
f 1671/1796 1672/1797 1651/1775
f 1670/1795 1650/1774 1654/1778 1666/1791
f 1657/1782 1656/1781 1659/1784 1660/1785
f 1668/1793 1669/1794 1666/1791 1667/1792
f 1669/1794 1674/1799 1673/1798 1666/1791
f 1661/1786 1660/1785 1676/1801 1664/1789
f 1660/1785 1661/1786 1658/1783 1657/1782
f 1663/1788 1661/1786 1664/1789 1665/1790
f 1678/1803 1679/1804 1659/1784 1656/1781
f 1679/1804 1680/1805 1677/1802 1659/1784
f 1679/1804 1678/1803 1681/1806 1682/1807
f 1682/1807 1683/1808 1680/1805 1679/1804
f 1684/1809 1685/1779 1686/1810 1687/1811
f 1682/1807 1681/1806 1662/1787 1663/1788
f 1653/1777 1652/1776 1686/1810 1685/1779
f 1652/1776 1653/1777 1650/1774 1651/1775
f 1654/1778 1650/1774 1653/1777 1685/1779
f 1685/1779 1667/1792 1654/1778
f 1668/1793 1667/1792 1685/1779 1684/1809
f 1684/1809 1685/1779 1686/1810 1687/1811
f 1683/1808 1682/1807 1663/1788 1665/1790
f 1662/1787 1663/1788 1682/1807 1681/1806
f 1652/1776 1651/1775 1672/1797 1686/1810
f 1654/1778 1685/1779 1667/1792
f 1668/1793 1667/1792 1685/1779 1684/1809
f 1687/1811 1686/1810 1672/1797 1675/1800
f 1681/1806 1682/1807 1679/1804 1678/1803
f 1680/1805 1679/1804 1682/1807 1683/1808
f 1678/1803 1679/1804 1659/1784 1656/1781
f 1677/1802 1659/1784 1679/1804 1680/1805
f 1678/1803 1656/1781 1655/1780 1681/1806
f 1674/1799 1675/1800 1672/1797 1673/1798
f 1652/1776 1651/1775 1672/1797 1686/1810
f 1687/1811 1686/1810 1672/1797 1675/1800
f 1653/1777 1652/1776 1686/1810 1685/1779
f 1673/1798 1670/1795 1666/1791
f 1673/1798 1672/1797 1671/1796 1670/1795
f 1666/1791 1654/1778 1667/1792
f 1665/1790 1664/1789 1669/1794 1668/1793
f 1674/1799 1669/1794 1664/1789 1676/1801
f 1674/1799 1673/1798 1669/1794
f 1676/1801 1677/1802 1675/1800 1674/1799
f 1677/1802 1676/1801 1660/1785 1659/1784
f 1675/1800 1674/1799 1676/1801 1677/1802
f 1664/1789 1676/1801 1674/1799 1669/1794
f 1665/1790 1664/1789 1669/1794 1668/1793
f 1680/1805 1687/1811 1675/1800 1677/1802
f 1687/1811 1680/1805 1683/1808 1684/1809
f 1684/1809 1683/1808 1665/1790 1668/1793
f 1683/1808 1682/1807 1663/1788 1665/1790
f 1665/1790 1668/1793 1684/1809 1683/1808
f 1683/1808 1684/1809 1687/1811 1680/1805
f 1680/1805 1687/1811 1675/1800 1677/1802
f 1655/1780 1656/1781 1657/1782 1658/1783
f 1662/1787 1658/1783 1661/1786 1663/1788
f 1655/1780 1681/1806 1678/1803 1656/1781
v 2.242947 24.968573 17.366266
v 2.256854 24.916439 17.297661
v 2.268981 24.841257 17.269903
v 2.276079 24.763161 17.290428
v 2.276245 24.703081 17.353737
v 2.269435 24.677114 17.442865
v 2.257474 24.692223 17.533932
v 2.243566 24.744352 17.602537
v 2.231440 24.819540 17.630295
v 2.224342 24.897633 17.609770
v 2.224175 24.957714 17.546461
v 2.230986 24.983679 17.457333
v 2.170282 25.089411 17.280806
v 2.197149 24.988701 17.148272
v 2.220577 24.843456 17.094645
v 2.234289 24.692585 17.134296
v 2.234610 24.576519 17.256599
v 2.221454 24.526361 17.428783
v 2.198347 24.555546 17.604712
v 2.171480 24.656254 17.737246
v 2.148052 24.801502 17.790871
v 2.134340 24.952372 17.751221
v 2.134019 25.068436 17.628918
v 2.147175 25.118595 17.456734
v 2.059644 25.187382 17.202042
v 2.097640 25.044960 17.014612
v 2.130771 24.839550 16.938774
v 2.150162 24.626188 16.994848
v 2.150617 24.462048 17.167812
v 2.132013 24.391108 17.411316
v 2.099334 24.432383 17.660114
v 2.061339 24.574806 17.847546
v 2.028206 24.780216 17.923384
v 2.008816 24.993574 17.867310
v 2.008361 25.157719 17.694347
v 2.026965 25.228657 17.450844
v 1.918573 25.255806 17.135349
v 1.965107 25.081377 16.905796
v 2.005686 24.829798 16.812912
v 2.029436 24.568485 16.881588
v 2.029991 24.367458 17.093422
v 2.007205 24.280579 17.391653
v 1.967183 24.331121 17.696373
v 1.920648 24.505554 17.925924
v 1.880070 24.757130 18.018808
v 1.856320 25.018444 17.950132
v 1.855764 25.219475 17.738297
v 1.878551 25.306353 17.440065
v 1.756682 25.290026 17.085266
v 1.808585 25.095472 16.829233
v 1.853845 24.814875 16.725636
v 1.880334 24.523417 16.802235
v 1.880954 24.299198 17.038506
v 1.855539 24.202295 17.371138
v 1.810899 24.258675 17.711006
v 1.758997 24.453226 17.967041
v 1.713738 24.733822 18.070637
v 1.687249 25.025280 17.994038
v 1.686629 25.249498 17.757769
v 1.712043 25.346401 17.425135
v 1.585004 25.287704 17.055208
v 1.638738 25.086287 16.790144
v 1.685594 24.795790 16.682892
v 1.713018 24.494049 16.762192
v 1.713660 24.261921 17.006798
v 1.687349 24.161600 17.351166
v 1.641135 24.219967 17.703024
v 1.587400 24.421387 17.968088
v 1.540545 24.711882 18.075340
v 1.513122 25.013617 17.996040
v 1.512480 25.245747 17.751434
v 1.538790 25.346067 17.407066
v 2.272686 24.833097 17.452604
vt 0.137940 0.934449
vt 0.138556 0.933907
vt 0.139979 0.934885
vt 0.138755 0.936030
vt 0.138825 0.933109
vt 0.140472 0.933335
vt 0.138686 0.932250
vt 0.140305 0.931651
vt 0.138140 0.931554
vt 0.139315 0.930105
vt 0.137306 0.931253
vt 0.137348 0.929376
vt 0.136468 0.931455
vt 0.135415 0.929982
vt 0.135897 0.932054
vt 0.134431 0.931327
vt 0.135697 0.932843
vt 0.134183 0.932827
vt 0.135866 0.933639
vt 0.134477 0.934296
vt 0.136374 0.934275
vt 0.135366 0.935583
vt 0.137132 0.934583
vt 0.136948 0.936310
vt 0.141604 0.935726
vt 0.139987 0.937610
vt 0.142144 0.933575
vt 0.142104 0.931270
vt 0.141178 0.928784
vt 0.137350 0.927224
vt 0.133712 0.928693
vt 0.132820 0.930863
vt 0.132709 0.932883
vt 0.133031 0.934836
vt 0.134010 0.936770
vt 0.136554 0.938155
vt 0.143394 0.936237
vt 0.142294 0.938817
vt 0.143742 0.933774
vt 0.143913 0.931218
vt 0.143981 0.928226
vt 0.131129 0.928117
vt 0.131186 0.930746
vt 0.131322 0.932990
vt 0.131564 0.935184
vt 0.132133 0.937577
vt 0.135119 0.939955
vt 0.145124 0.936335
vt 0.145168 0.933902
vt 0.145496 0.931445
vt 0.146499 0.928746
vt 0.124274 0.926809
vt 0.128707 0.928545
vt 0.129718 0.930936
vt 0.130066 0.933122
vt 0.130173 0.935310
vt 0.130000 0.937740
vt 0.127632 0.940334
vt 0.146575 0.936126
vt 0.146387 0.933965
vt 0.146768 0.931805
vt 0.147996 0.929684
vt 0.124255 0.928488
vt 0.127222 0.929436
vt 0.128508 0.931306
vt 0.128961 0.933255
vt 0.128941 0.935255
vt 0.128250 0.937357
vt 0.125424 0.939006
vt 0.137238 0.932938
vt 0.135690 0.924950
vt 0.154289 0.940334
vt 0.161776 0.939955
vt 0.168951 0.938817
vt 0.150931 0.926809
vt 0.150913 0.928488
vt 0.145635 0.938966
vt 0.147866 0.938225
vt 0.152081 0.939006
f 1688/1812 1689/1813 1701/1814 1700/1815
f 1689/1813 1690/1816 1702/1817 1701/1814
f 1690/1816 1691/1818 1703/1819 1702/1817
f 1691/1818 1692/1820 1704/1821 1703/1819
f 1692/1820 1693/1822 1705/1823 1704/1821
f 1693/1822 1694/1824 1706/1825 1705/1823
f 1694/1824 1695/1826 1707/1827 1706/1825
f 1695/1826 1696/1828 1708/1829 1707/1827
f 1696/1828 1697/1830 1709/1831 1708/1829
f 1697/1830 1698/1832 1710/1833 1709/1831
f 1698/1832 1699/1834 1711/1835 1710/1833
f 1699/1834 1688/1812 1700/1815 1711/1835
f 1700/1815 1701/1814 1713/1836 1712/1837
f 1701/1814 1702/1817 1714/1838 1713/1836
f 1702/1817 1703/1819 1715/1839 1714/1838
f 1703/1819 1704/1821 1716/1840 1715/1839
f 1704/1821 1705/1823 1717/1841 1716/1840
f 1705/1823 1706/1825 1718/1842 1717/1841
f 1706/1825 1707/1827 1719/1843 1718/1842
f 1707/1827 1708/1829 1720/1844 1719/1843
f 1708/1829 1709/1831 1721/1845 1720/1844
f 1709/1831 1710/1833 1722/1846 1721/1845
f 1710/1833 1711/1835 1723/1847 1722/1846
f 1711/1835 1700/1815 1712/1837 1723/1847
f 1712/1837 1713/1836 1725/1848 1724/1849
f 1713/1836 1714/1838 1726/1850 1725/1848
f 1714/1838 1715/1839 1727/1851 1726/1850
f 1715/1839 1716/1840 1728/1852 1727/1851
f 1716/1840 1717/1841 1729/1882 1728/1852
f 1717/1841 1718/1842 1730/1853 1729/1882
f 1718/1842 1719/1843 1731/1854 1730/1853
f 1719/1843 1720/1844 1732/1855 1731/1854
f 1720/1844 1721/1845 1733/1856 1732/1855
f 1721/1845 1722/1846 1734/1857 1733/1856
f 1722/1846 1723/1847 1735/1858 1734/1857
f 1723/1847 1712/1837 1724/1849 1735/1858
f 1724/1849 1725/1848 1737/1859 1736/1888
f 1725/1848 1726/1850 1738/1860 1737/1859
f 1726/1850 1727/1851 1739/1861 1738/1860
f 1727/1851 1728/1852 1740/1862 1739/1861
f 1728/1852 1729/1882 1741/1886 1740/1862
f 1729/1882 1730/1853 1742/1864 1741/1863
f 1730/1853 1731/1854 1743/1865 1742/1864
f 1731/1854 1732/1855 1744/1866 1743/1865
f 1732/1855 1733/1856 1745/1867 1744/1866
f 1733/1856 1734/1857 1746/1868 1745/1867
f 1734/1857 1735/1858 1747/1869 1746/1868
f 1735/1884 1724/1885 1736/1888 1747/1883
f 1736/1888 1737/1859 1749/1870 1748/1889
f 1737/1859 1738/1860 1750/1871 1749/1870
f 1738/1860 1739/1861 1751/1872 1750/1871
f 1739/1861 1740/1862 1752/1873 1751/1872
f 1740/1862 1741/1886 1753/1887 1752/1873
f 1741/1863 1742/1864 1754/1875 1753/1874
f 1742/1864 1743/1865 1755/1876 1754/1875
f 1743/1865 1744/1866 1756/1877 1755/1876
f 1744/1866 1745/1867 1757/1878 1756/1877
f 1745/1867 1746/1868 1758/1879 1757/1878
f 1746/1868 1747/1869 1759/1880 1758/1879
f 1747/1883 1736/1888 1748/1889 1759/1890
f 1689/1813 1688/1812 1760/1881
f 1690/1816 1689/1813 1760/1881
f 1691/1818 1690/1816 1760/1881
f 1692/1820 1691/1818 1760/1881
f 1693/1822 1692/1820 1760/1881
f 1694/1824 1693/1822 1760/1881
f 1695/1826 1694/1824 1760/1881
f 1696/1828 1695/1826 1760/1881
f 1697/1830 1696/1828 1760/1881
f 1698/1832 1697/1830 1760/1881
f 1699/1834 1698/1832 1760/1881
f 1688/1812 1699/1834 1760/1881
v -2.243526 24.968573 17.366266
v -2.257433 24.916439 17.297661
v -2.269561 24.841257 17.269903
v -2.276658 24.763161 17.290428
v -2.276824 24.703081 17.353737
v -2.270014 24.677114 17.442865
v -2.258054 24.692223 17.533932
v -2.244146 24.744352 17.602537
v -2.232019 24.819540 17.630295
v -2.224922 24.897633 17.609770
v -2.224755 24.957714 17.546461
v -2.231565 24.983679 17.457333
v -2.170861 25.089411 17.280806
v -2.197729 24.988701 17.148272
v -2.221156 24.843456 17.094645
v -2.234868 24.692585 17.134296
v -2.235189 24.576519 17.256599
v -2.222034 24.526361 17.428783
v -2.198926 24.555546 17.604712
v -2.172060 24.656254 17.737246
v -2.148631 24.801502 17.790871
v -2.134920 24.952372 17.751221
v -2.134599 25.068436 17.628918
v -2.147754 25.118595 17.456734
v -2.060223 25.187382 17.202042
v -2.098219 25.044960 17.014612
v -2.131351 24.839550 16.938774
v -2.150742 24.626188 16.994848
v -2.151197 24.462048 17.167812
v -2.132592 24.391108 17.411316
v -2.099913 24.432383 17.660114
v -2.061918 24.574806 17.847546
v -2.028785 24.780216 17.923384
v -2.009395 24.993574 17.867310
v -2.008940 25.157719 17.694347
v -2.027545 25.228657 17.450844
v -1.919152 25.255806 17.135349
v -1.965687 25.081377 16.905796
v -2.006266 24.829798 16.812912
v -2.030015 24.568485 16.881588
v -2.030571 24.367458 17.093422
v -2.007785 24.280579 17.391653
v -1.967763 24.331121 17.696373
v -1.921228 24.505554 17.925924
v -1.880649 24.757130 18.018808
v -1.856900 25.018444 17.950132
v -1.856344 25.219475 17.738297
v -1.879130 25.306353 17.440065
v -1.757262 25.290026 17.085266
v -1.809165 25.095472 16.829233
v -1.854424 24.814875 16.725636
v -1.880913 24.523417 16.802235
v -1.881533 24.299198 17.038506
v -1.856118 24.202295 17.371138
v -1.811479 24.258675 17.711006
v -1.759577 24.453226 17.967041
v -1.714318 24.733822 18.070637
v -1.687829 25.025280 17.994038
v -1.687208 25.249498 17.757769
v -1.712623 25.346401 17.425135
v -1.585583 25.287704 17.055208
v -1.639318 25.086287 16.790144
v -1.686174 24.795790 16.682892
v -1.713597 24.494049 16.762192
v -1.714239 24.261921 17.006798
v -1.687928 24.161600 17.351166
v -1.641714 24.219967 17.703024
v -1.587980 24.421387 17.968088
v -1.541124 24.711882 18.075340
v -1.513701 25.013617 17.996040
v -1.513059 25.245747 17.751434
v -1.539370 25.346067 17.407066
v -2.273265 24.833097 17.452604
vt 0.137940 0.934449
vt 0.138556 0.933907
vt 0.139979 0.934885
vt 0.138755 0.936030
vt 0.138825 0.933109
vt 0.140472 0.933335
vt 0.138686 0.932250
vt 0.140305 0.931651
vt 0.138140 0.931554
vt 0.139315 0.930105
vt 0.137306 0.931253
vt 0.137348 0.929376
vt 0.136468 0.931455
vt 0.135415 0.929982
vt 0.135897 0.932054
vt 0.134431 0.931327
vt 0.135697 0.932843
vt 0.134183 0.932827
vt 0.135866 0.933639
vt 0.134477 0.934296
vt 0.136374 0.934275
vt 0.135366 0.935583
vt 0.137132 0.934583
vt 0.136948 0.936310
vt 0.141604 0.935726
vt 0.139987 0.937610
vt 0.142144 0.933575
vt 0.142104 0.931270
vt 0.141178 0.928784
vt 0.137350 0.927224
vt 0.133712 0.928693
vt 0.132820 0.930863
vt 0.132709 0.932883
vt 0.133031 0.934836
vt 0.134010 0.936770
vt 0.136554 0.938155
vt 0.143394 0.936237
vt 0.142294 0.938817
vt 0.143742 0.933774
vt 0.143913 0.931218
vt 0.143981 0.928226
vt 0.131129 0.928117
vt 0.131186 0.930746
vt 0.131322 0.932990
vt 0.131564 0.935184
vt 0.132133 0.937577
vt 0.135119 0.939955
vt 0.145124 0.936335
vt 0.145168 0.933902
vt 0.145496 0.931445
vt 0.146499 0.928746
vt 0.124274 0.926809
vt 0.128707 0.928545
vt 0.129718 0.930936
vt 0.130066 0.933122
vt 0.130173 0.935310
vt 0.130000 0.937740
vt 0.127632 0.940334
vt 0.146575 0.936126
vt 0.146387 0.933965
vt 0.146768 0.931805
vt 0.147996 0.929684
vt 0.124255 0.928488
vt 0.127222 0.929436
vt 0.128508 0.931306
vt 0.128961 0.933255
vt 0.128941 0.935255
vt 0.128250 0.937357
vt 0.125424 0.939006
vt 0.137238 0.932938
vt 0.135690 0.924950
vt 0.154289 0.940334
vt 0.161776 0.939955
vt 0.168951 0.938817
vt 0.150931 0.926809
vt 0.150913 0.928488
vt 0.145635 0.938966
vt 0.147866 0.938225
vt 0.152081 0.939006
f 1761/1891 1773/1894 1774/1893 1762/1892
f 1762/1892 1774/1893 1775/1896 1763/1895
f 1763/1895 1775/1896 1776/1898 1764/1897
f 1764/1897 1776/1898 1777/1900 1765/1899
f 1765/1899 1777/1900 1778/1902 1766/1901
f 1766/1901 1778/1902 1779/1904 1767/1903
f 1767/1903 1779/1904 1780/1906 1768/1905
f 1768/1905 1780/1906 1781/1908 1769/1907
f 1769/1907 1781/1908 1782/1910 1770/1909
f 1770/1909 1782/1910 1783/1912 1771/1911
f 1771/1911 1783/1912 1784/1914 1772/1913
f 1772/1913 1784/1914 1773/1894 1761/1891
f 1773/1894 1785/1916 1786/1915 1774/1893
f 1774/1893 1786/1915 1787/1917 1775/1896
f 1775/1896 1787/1917 1788/1918 1776/1898
f 1776/1898 1788/1918 1789/1919 1777/1900
f 1777/1900 1789/1919 1790/1920 1778/1902
f 1778/1902 1790/1920 1791/1921 1779/1904
f 1779/1904 1791/1921 1792/1922 1780/1906
f 1780/1906 1792/1922 1793/1923 1781/1908
f 1781/1908 1793/1923 1794/1924 1782/1910
f 1782/1910 1794/1924 1795/1925 1783/1912
f 1783/1912 1795/1925 1796/1926 1784/1914
f 1784/1914 1796/1926 1785/1916 1773/1894
f 1785/1916 1797/1928 1798/1927 1786/1915
f 1786/1915 1798/1927 1799/1929 1787/1917
f 1787/1917 1799/1929 1800/1930 1788/1918
f 1788/1918 1800/1930 1801/1931 1789/1919
f 1789/1919 1801/1931 1802/1961 1790/1920
f 1790/1920 1802/1961 1803/1932 1791/1921
f 1791/1921 1803/1932 1804/1933 1792/1922
f 1792/1922 1804/1933 1805/1934 1793/1923
f 1793/1923 1805/1934 1806/1935 1794/1924
f 1794/1924 1806/1935 1807/1936 1795/1925
f 1795/1925 1807/1936 1808/1937 1796/1926
f 1796/1926 1808/1937 1797/1928 1785/1916
f 1797/1928 1809/1967 1810/1938 1798/1927
f 1798/1927 1810/1938 1811/1939 1799/1929
f 1799/1929 1811/1939 1812/1940 1800/1930
f 1800/1930 1812/1940 1813/1941 1801/1931
f 1801/1931 1813/1941 1814/1965 1802/1961
f 1802/1961 1814/1942 1815/1943 1803/1932
f 1803/1932 1815/1943 1816/1944 1804/1933
f 1804/1933 1816/1944 1817/1945 1805/1934
f 1805/1934 1817/1945 1818/1946 1806/1935
f 1806/1935 1818/1946 1819/1947 1807/1936
f 1807/1936 1819/1947 1820/1948 1808/1937
f 1808/1963 1820/1962 1809/1967 1797/1964
f 1809/1967 1821/1968 1822/1949 1810/1938
f 1810/1938 1822/1949 1823/1950 1811/1939
f 1811/1939 1823/1950 1824/1951 1812/1940
f 1812/1940 1824/1951 1825/1952 1813/1941
f 1813/1941 1825/1952 1826/1966 1814/1965
f 1814/1942 1826/1953 1827/1954 1815/1943
f 1815/1943 1827/1954 1828/1955 1816/1944
f 1816/1944 1828/1955 1829/1956 1817/1945
f 1817/1945 1829/1956 1830/1957 1818/1946
f 1818/1946 1830/1957 1831/1958 1819/1947
f 1819/1947 1831/1958 1832/1959 1820/1948
f 1820/1962 1832/1969 1821/1968 1809/1967
f 1762/1892 1833/1960 1761/1891
f 1763/1895 1833/1960 1762/1892
f 1764/1897 1833/1960 1763/1895
f 1765/1899 1833/1960 1764/1897
f 1766/1901 1833/1960 1765/1899
f 1767/1903 1833/1960 1766/1901
f 1768/1905 1833/1960 1767/1903
f 1769/1907 1833/1960 1768/1905
f 1770/1909 1833/1960 1769/1907
f 1771/1911 1833/1960 1770/1909
f 1772/1913 1833/1960 1771/1911
f 1761/1891 1833/1960 1772/1913
